	0.0	0.01	0.02	0.03	0.04	0.05	0.06	0.07	0.08	0.09	0.1	0.11	0.12	0.13	0.14	0.15	0.16	0.17	0.18	0.19	0.2	0.21	0.22	0.23	0.24	0.25	0.26	0.27	0.28	0.29	0.3	0.31	0.32	0.33	0.34	0.35	0.36	0.37	0.38	0.39	0.4	0.41	0.42	0.43	0.44	0.45	0.46	0.47	0.48	0.49	0.5	0.51	0.52	0.53	0.54	0.55	0.56	0.57	0.58	0.59	0.6	0.61	0.62	0.63	0.64	0.65	0.66	0.67	0.68	0.69	0.7	0.71	0.72	0.73	0.74	0.75	0.76	0.77	0.78	0.79	0.8	0.81	0.82	0.83	0.84	0.85	0.86	0.87	0.88	0.89	0.9	0.91	0.92	0.93	0.94	0.95	0.96	0.97	0.98	0.99	1.0
0.0	64.16309012875536	64.16309012875536	64.16309012875536	64.16309012875536	64.16309012875536	64.16309012875536	64.16309012875536	64.16309012875536	64.16309012875536	64.16309012875536	64.16309012875536	64.16309012875536	64.16309012875536	64.16309012875536	64.16309012875536	64.16309012875536	64.16309012875536	64.16309012875536	64.16309012875536	64.16309012875536	64.16309012875536	64.16309012875536	64.16309012875536	64.16309012875536	64.16309012875536	64.16309012875536	64.16309012875536	64.16309012875536	64.16309012875536	64.16309012875536	64.16309012875536	64.16309012875536	64.16309012875536	64.16309012875536	64.16309012875536	64.16309012875536	64.16309012875536	64.16309012875536	64.16309012875536	64.16309012875536	64.16309012875536	64.16309012875536	64.16309012875536	64.16309012875536	64.16309012875536	64.16309012875536	64.16309012875536	64.16309012875536	64.16309012875536	64.16309012875536	64.16309012875536	64.16309012875536	64.16309012875536	64.16309012875536	64.16309012875536	64.16309012875536	64.16309012875536	64.16309012875536	64.16309012875536	64.16309012875536	64.16309012875536	64.16309012875536	64.16309012875536	64.16309012875536	64.16309012875536	64.16309012875536	64.16309012875536	64.16309012875536	64.16309012875536	64.16309012875536	64.16309012875536	64.16309012875536	64.16309012875536	64.16309012875536	64.16309012875536	64.16309012875536	64.16309012875536	64.16309012875536	64.16309012875536	64.16309012875536	64.16309012875536	64.16309012875536	64.16309012875536	64.16309012875536	64.16309012875536	64.16309012875536	64.16309012875536	64.16309012875536	64.16309012875536	64.16309012875536	64.16309012875536	64.16309012875536	64.16309012875536	64.16309012875536	64.16309012875536	64.16309012875536	64.16309012875536	64.16309012875536	64.16309012875536	64.16309012875536	64.16309012875536
0.01	65.66523605150213	65.66523605150213	65.66523605150213	65.66523605150213	65.66523605150213	65.66523605150213	65.66523605150213	65.87982832618026	65.87982832618026	65.87982832618026	65.87982832618026	65.87982832618026	65.87982832618026	65.87982832618026	65.87982832618026	65.87982832618026	65.87982832618026	65.87982832618026	65.87982832618026	65.87982832618026	65.87982832618026	65.87982832618026	65.87982832618026	65.87982832618026	65.87982832618026	65.87982832618026	65.87982832618026	65.87982832618026	65.87982832618026	65.87982832618026	65.87982832618026	65.87982832618026	65.87982832618026	65.87982832618026	65.87982832618026	65.87982832618026	65.87982832618026	65.87982832618026	65.87982832618026	65.87982832618026	65.87982832618026	65.87982832618026	65.87982832618026	65.87982832618026	65.87982832618026	66.09442060085837	66.09442060085837	66.09442060085837	66.09442060085837	66.09442060085837	66.09442060085837	66.09442060085837	66.09442060085837	66.09442060085837	66.09442060085837	66.09442060085837	66.09442060085837	66.09442060085837	66.09442060085837	66.09442060085837	66.09442060085837	66.09442060085837	66.09442060085837	66.09442060085837	66.09442060085837	66.09442060085837	66.09442060085837	66.09442060085837	66.09442060085837	66.09442060085837	66.09442060085837	66.30901287553648	66.30901287553648	66.30901287553648	66.30901287553648	66.30901287553648	66.30901287553648	66.30901287553648	66.30901287553648	66.30901287553648	66.30901287553648	66.30901287553648	66.30901287553648	66.30901287553648	66.30901287553648	66.30901287553648	66.30901287553648	66.30901287553648	66.30901287553648	66.30901287553648	66.30901287553648	66.30901287553648	66.30901287553648	66.30901287553648	66.30901287553648	66.30901287553648	66.30901287553648	66.30901287553648	66.30901287553648	66.30901287553648	66.30901287553648
0.02	67.38197424892704	67.38197424892704	67.38197424892704	67.38197424892704	67.38197424892704	67.38197424892704	67.38197424892704	67.38197424892704	67.38197424892704	67.38197424892704	67.38197424892704	67.38197424892704	67.38197424892704	67.38197424892704	67.38197424892704	67.38197424892704	67.38197424892704	67.38197424892704	67.38197424892704	67.38197424892704	67.38197424892704	67.38197424892704	67.38197424892704	67.38197424892704	67.38197424892704	67.38197424892704	67.38197424892704	67.38197424892704	67.38197424892704	67.38197424892704	67.38197424892704	67.38197424892704	67.38197424892704	67.38197424892704	67.38197424892704	67.38197424892704	67.38197424892704	67.38197424892704	67.38197424892704	67.38197424892704	67.38197424892704	67.38197424892704	67.38197424892704	67.38197424892704	67.38197424892704	67.38197424892704	67.38197424892704	67.38197424892704	67.38197424892704	67.38197424892704	67.38197424892704	67.38197424892704	67.38197424892704	67.38197424892704	67.38197424892704	67.38197424892704	67.38197424892704	67.38197424892704	67.38197424892704	67.38197424892704	67.38197424892704	67.38197424892704	67.38197424892704	67.38197424892704	67.59656652360515	67.59656652360515	67.59656652360515	67.59656652360515	67.81115879828327	67.81115879828327	67.81115879828327	67.81115879828327	67.81115879828327	67.81115879828327	67.81115879828327	67.81115879828327	67.81115879828327	67.81115879828327	67.81115879828327	67.81115879828327	67.81115879828327	67.81115879828327	67.81115879828327	67.81115879828327	67.81115879828327	67.81115879828327	67.81115879828327	67.81115879828327	67.81115879828327	67.81115879828327	67.81115879828327	67.81115879828327	67.81115879828327	67.81115879828327	67.81115879828327	67.81115879828327	67.81115879828327	67.81115879828327	67.81115879828327	67.81115879828327	67.81115879828327
0.03	68.02575107296137	68.02575107296137	68.02575107296137	68.02575107296137	68.02575107296137	68.02575107296137	68.02575107296137	68.02575107296137	68.02575107296137	68.02575107296137	68.02575107296137	68.02575107296137	68.02575107296137	68.02575107296137	68.02575107296137	68.02575107296137	68.02575107296137	68.02575107296137	68.02575107296137	68.02575107296137	68.02575107296137	68.02575107296137	68.02575107296137	68.02575107296137	68.02575107296137	68.02575107296137	68.02575107296137	68.02575107296137	68.02575107296137	68.02575107296137	68.24034334763948	68.24034334763948	68.24034334763948	68.24034334763948	68.24034334763948	68.24034334763948	68.24034334763948	68.24034334763948	68.24034334763948	68.24034334763948	68.45493562231759	68.45493562231759	68.45493562231759	68.45493562231759	68.45493562231759	68.45493562231759	68.45493562231759	68.45493562231759	68.45493562231759	68.45493562231759	68.45493562231759	68.45493562231759	68.45493562231759	68.45493562231759	68.45493562231759	68.45493562231759	68.45493562231759	68.45493562231759	68.45493562231759	68.45493562231759	68.45493562231759	68.45493562231759	68.45493562231759	68.45493562231759	68.45493562231759	68.45493562231759	68.45493562231759	68.45493562231759	68.45493562231759	68.45493562231759	68.45493562231759	68.45493562231759	68.45493562231759	68.45493562231759	68.45493562231759	68.45493562231759	68.45493562231759	68.45493562231759	68.45493562231759	68.45493562231759	68.45493562231759	68.45493562231759	68.45493562231759	68.45493562231759	68.45493562231759	68.45493562231759	68.45493562231759	68.45493562231759	68.45493562231759	68.45493562231759	68.45493562231759	68.45493562231759	68.45493562231759	68.45493562231759	68.45493562231759	68.6695278969957	68.6695278969957	68.6695278969957	68.6695278969957	68.6695278969957	68.6695278969957
0.04	69.31330472103005	69.31330472103005	69.31330472103005	69.31330472103005	69.31330472103005	69.09871244635193	69.09871244635193	69.31330472103005	69.31330472103005	69.31330472103005	69.31330472103005	69.52789699570815	69.52789699570815	69.52789699570815	69.52789699570815	69.52789699570815	69.52789699570815	69.52789699570815	69.52789699570815	69.52789699570815	69.52789699570815	69.52789699570815	69.52789699570815	69.52789699570815	69.52789699570815	69.52789699570815	69.52789699570815	69.52789699570815	69.52789699570815	69.52789699570815	69.52789699570815	69.52789699570815	69.52789699570815	69.52789699570815	69.52789699570815	69.52789699570815	69.52789699570815	69.52789699570815	69.52789699570815	69.52789699570815	69.52789699570815	69.52789699570815	69.52789699570815	69.52789699570815	69.52789699570815	69.52789699570815	69.52789699570815	69.52789699570815	69.74248927038627	69.74248927038627	69.74248927038627	69.74248927038627	69.74248927038627	69.74248927038627	69.74248927038627	69.74248927038627	69.95708154506438	69.95708154506438	69.95708154506438	69.95708154506438	69.95708154506438	69.95708154506438	69.95708154506438	69.95708154506438	69.95708154506438	69.95708154506438	69.95708154506438	69.95708154506438	69.95708154506438	70.17167381974248	70.17167381974248	70.17167381974248	70.17167381974248	70.17167381974248	70.17167381974248	70.17167381974248	70.17167381974248	70.3862660944206	70.3862660944206	70.3862660944206	70.3862660944206	70.3862660944206	70.3862660944206	70.3862660944206	70.3862660944206	70.3862660944206	70.3862660944206	70.3862660944206	70.3862660944206	70.3862660944206	70.3862660944206	70.3862660944206	70.3862660944206	70.3862660944206	70.3862660944206	70.3862660944206	70.3862660944206	70.3862660944206	70.3862660944206	70.3862660944206	70.3862660944206
0.05	70.17167381974248	70.17167381974248	70.60085836909872	70.60085836909872	70.81545064377683	70.81545064377683	70.81545064377683	70.81545064377683	70.81545064377683	70.81545064377683	70.81545064377683	70.81545064377683	70.81545064377683	70.81545064377683	70.81545064377683	70.81545064377683	70.81545064377683	70.81545064377683	70.81545064377683	70.81545064377683	70.81545064377683	70.81545064377683	70.81545064377683	70.81545064377683	70.81545064377683	70.81545064377683	70.81545064377683	70.81545064377683	70.81545064377683	70.81545064377683	70.81545064377683	70.81545064377683	70.81545064377683	70.81545064377683	70.81545064377683	70.81545064377683	70.81545064377683	70.81545064377683	70.81545064377683	70.81545064377683	70.81545064377683	70.81545064377683	70.81545064377683	70.81545064377683	70.81545064377683	70.81545064377683	70.81545064377683	70.81545064377683	71.03004291845494	71.03004291845494	71.03004291845494	71.03004291845494	71.03004291845494	71.03004291845494	71.03004291845494	71.03004291845494	71.03004291845494	71.03004291845494	71.03004291845494	71.03004291845494	71.03004291845494	71.03004291845494	71.03004291845494	71.03004291845494	71.03004291845494	71.03004291845494	71.03004291845494	71.03004291845494	71.03004291845494	71.03004291845494	71.03004291845494	71.03004291845494	71.03004291845494	71.24463519313305	71.24463519313305	71.24463519313305	71.24463519313305	71.24463519313305	71.24463519313305	71.24463519313305	71.24463519313305	71.45922746781116	71.45922746781116	71.67381974248927	71.88841201716738	71.88841201716738	71.88841201716738	71.88841201716738	71.88841201716738	71.88841201716738	71.88841201716738	71.88841201716738	71.88841201716738	71.88841201716738	72.1030042918455	72.1030042918455	72.1030042918455	72.1030042918455	72.3175965665236	72.3175965665236	72.3175965665236
0.06	71.24463519313305	71.24463519313305	71.24463519313305	71.24463519313305	71.24463519313305	71.24463519313305	71.24463519313305	71.45922746781116	71.45922746781116	71.45922746781116	71.67381974248927	71.88841201716738	71.88841201716738	71.88841201716738	71.88841201716738	71.88841201716738	71.88841201716738	71.88841201716738	71.88841201716738	71.88841201716738	71.88841201716738	72.1030042918455	72.1030042918455	72.1030042918455	72.1030042918455	72.1030042918455	72.1030042918455	72.1030042918455	72.1030042918455	72.1030042918455	72.1030042918455	72.1030042918455	72.1030042918455	72.1030042918455	72.1030042918455	72.1030042918455	72.1030042918455	72.1030042918455	72.1030042918455	72.1030042918455	72.1030042918455	72.1030042918455	72.1030042918455	72.1030042918455	72.1030042918455	72.3175965665236	72.3175965665236	72.3175965665236	72.3175965665236	72.3175965665236	72.3175965665236	72.53218884120172	72.53218884120172	72.53218884120172	72.53218884120172	72.53218884120172	72.53218884120172	72.53218884120172	72.53218884120172	72.53218884120172	72.53218884120172	72.53218884120172	72.53218884120172	72.53218884120172	72.74678111587983	72.74678111587983	72.74678111587983	72.74678111587983	72.74678111587983	72.74678111587983	72.74678111587983	72.74678111587983	72.74678111587983	72.74678111587983	72.74678111587983	72.74678111587983	72.74678111587983	72.96137339055794	72.96137339055794	72.96137339055794	72.96137339055794	72.96137339055794	72.96137339055794	72.96137339055794	72.96137339055794	72.96137339055794	72.96137339055794	72.96137339055794	72.96137339055794	72.96137339055794	72.96137339055794	72.96137339055794	72.96137339055794	72.96137339055794	72.96137339055794	72.96137339055794	72.96137339055794	72.96137339055794	72.96137339055794	72.96137339055794	72.96137339055794
0.07	72.53218884120172	72.53218884120172	72.53218884120172	72.53218884120172	72.53218884120172	72.53218884120172	72.53218884120172	72.53218884120172	72.53218884120172	72.53218884120172	72.53218884120172	72.53218884120172	72.53218884120172	72.53218884120172	72.53218884120172	72.53218884120172	72.53218884120172	72.53218884120172	72.74678111587983	72.74678111587983	72.74678111587983	72.74678111587983	72.74678111587983	72.74678111587983	72.74678111587983	72.74678111587983	72.74678111587983	72.96137339055794	72.96137339055794	72.96137339055794	72.96137339055794	72.96137339055794	72.96137339055794	72.96137339055794	72.96137339055794	72.96137339055794	72.96137339055794	72.96137339055794	72.96137339055794	72.96137339055794	72.96137339055794	72.96137339055794	72.96137339055794	72.96137339055794	72.96137339055794	72.96137339055794	72.96137339055794	72.96137339055794	72.96137339055794	72.96137339055794	72.96137339055794	72.96137339055794	73.17596566523605	73.17596566523605	73.17596566523605	73.17596566523605	73.17596566523605	73.17596566523605	73.17596566523605	73.17596566523605	73.17596566523605	73.17596566523605	73.17596566523605	73.17596566523605	73.17596566523605	73.17596566523605	73.17596566523605	73.17596566523605	73.17596566523605	73.17596566523605	73.17596566523605	73.17596566523605	73.17596566523605	73.17596566523605	73.17596566523605	73.17596566523605	73.17596566523605	73.17596566523605	73.17596566523605	73.17596566523605	73.39055793991416	73.39055793991416	73.39055793991416	73.39055793991416	73.39055793991416	73.39055793991416	73.60515021459227	73.60515021459227	73.60515021459227	73.60515021459227	73.60515021459227	73.60515021459227	73.60515021459227	73.60515021459227	73.60515021459227	73.60515021459227	73.60515021459227	73.60515021459227	73.60515021459227	73.60515021459227	73.60515021459227
0.08	72.53218884120172	72.53218884120172	72.53218884120172	72.53218884120172	72.53218884120172	72.53218884120172	72.53218884120172	72.53218884120172	72.53218884120172	72.74678111587983	72.74678111587983	72.74678111587983	72.74678111587983	72.74678111587983	72.74678111587983	72.74678111587983	72.74678111587983	72.96137339055794	72.96137339055794	72.96137339055794	72.96137339055794	72.96137339055794	72.96137339055794	73.17596566523605	73.17596566523605	73.17596566523605	73.17596566523605	73.17596566523605	73.17596566523605	73.17596566523605	73.17596566523605	73.17596566523605	73.17596566523605	73.17596566523605	73.17596566523605	73.17596566523605	73.17596566523605	73.39055793991416	73.39055793991416	73.39055793991416	73.39055793991416	73.39055793991416	73.60515021459227	73.60515021459227	73.60515021459227	73.8197424892704	73.8197424892704	74.0343347639485	74.0343347639485	74.0343347639485	74.0343347639485	74.0343347639485	74.0343347639485	74.0343347639485	74.0343347639485	74.0343347639485	74.0343347639485	74.0343347639485	74.0343347639485	74.0343347639485	74.0343347639485	74.0343347639485	74.0343347639485	74.0343347639485	74.0343347639485	74.0343347639485	74.0343347639485	74.0343347639485	74.0343347639485	74.0343347639485	74.0343347639485	74.0343347639485	74.0343347639485	74.0343347639485	74.0343347639485	74.0343347639485	74.0343347639485	74.0343347639485	74.0343347639485	74.0343347639485	74.0343347639485	74.0343347639485	74.0343347639485	74.0343347639485	74.0343347639485	74.0343347639485	74.0343347639485	74.0343347639485	74.0343347639485	74.0343347639485	74.0343347639485	74.0343347639485	74.0343347639485	74.0343347639485	74.0343347639485	74.2489270386266	74.2489270386266	74.2489270386266	74.2489270386266	74.2489270386266	74.2489270386266
0.09	73.17596566523605	73.17596566523605	73.17596566523605	73.17596566523605	73.39055793991416	73.39055793991416	73.39055793991416	73.39055793991416	73.39055793991416	73.39055793991416	73.39055793991416	73.39055793991416	73.39055793991416	73.39055793991416	73.60515021459227	73.60515021459227	73.60515021459227	73.60515021459227	73.60515021459227	73.60515021459227	73.8197424892704	73.8197424892704	73.8197424892704	73.8197424892704	73.8197424892704	73.8197424892704	73.8197424892704	74.0343347639485	74.0343347639485	74.0343347639485	74.0343347639485	74.0343347639485	74.0343347639485	74.0343347639485	74.0343347639485	74.2489270386266	74.2489270386266	74.2489270386266	74.2489270386266	74.2489270386266	74.2489270386266	74.2489270386266	74.2489270386266	74.2489270386266	74.2489270386266	74.2489270386266	74.46351931330472	74.46351931330472	74.46351931330472	74.46351931330472	74.46351931330472	74.46351931330472	74.46351931330472	74.46351931330472	74.46351931330472	74.46351931330472	74.46351931330472	74.46351931330472	74.46351931330472	74.46351931330472	74.46351931330472	74.46351931330472	74.46351931330472	74.46351931330472	74.46351931330472	74.46351931330472	74.46351931330472	74.67811158798283	74.67811158798283	74.67811158798283	74.67811158798283	74.67811158798283	74.67811158798283	74.67811158798283	74.67811158798283	74.67811158798283	74.67811158798283	74.67811158798283	74.67811158798283	74.67811158798283	74.67811158798283	74.67811158798283	74.67811158798283	74.67811158798283	74.67811158798283	74.67811158798283	74.67811158798283	74.89270386266095	74.89270386266095	74.89270386266095	74.89270386266095	74.89270386266095	74.89270386266095	74.89270386266095	74.89270386266095	75.10729613733905	75.10729613733905	75.10729613733905	75.10729613733905	75.10729613733905	75.10729613733905
0.1	74.2489270386266	74.2489270386266	74.2489270386266	74.2489270386266	74.2489270386266	74.2489270386266	74.2489270386266	74.2489270386266	74.2489270386266	74.2489270386266	74.2489270386266	74.2489270386266	74.2489270386266	74.2489270386266	74.2489270386266	74.2489270386266	74.2489270386266	74.2489270386266	74.2489270386266	74.46351931330472	74.46351931330472	74.46351931330472	74.46351931330472	74.46351931330472	74.46351931330472	74.46351931330472	74.46351931330472	74.46351931330472	74.67811158798283	74.67811158798283	74.89270386266095	74.89270386266095	74.89270386266095	74.89270386266095	74.89270386266095	74.89270386266095	74.89270386266095	74.89270386266095	74.89270386266095	74.89270386266095	75.10729613733905	75.10729613733905	75.10729613733905	75.10729613733905	75.10729613733905	75.10729613733905	75.32188841201717	75.32188841201717	75.32188841201717	75.32188841201717	75.32188841201717	75.32188841201717	75.32188841201717	75.32188841201717	75.32188841201717	75.32188841201717	75.32188841201717	75.32188841201717	75.32188841201717	75.32188841201717	75.32188841201717	75.32188841201717	75.32188841201717	75.32188841201717	75.32188841201717	75.32188841201717	75.32188841201717	75.32188841201717	75.32188841201717	75.53648068669528	75.53648068669528	75.53648068669528	75.53648068669528	75.53648068669528	75.53648068669528	75.53648068669528	75.53648068669528	75.53648068669528	75.53648068669528	75.53648068669528	75.53648068669528	75.7510729613734	75.7510729613734	75.7510729613734	75.7510729613734	75.7510729613734	75.7510729613734	75.7510729613734	75.7510729613734	75.7510729613734	75.7510729613734	75.7510729613734	75.7510729613734	75.7510729613734	75.7510729613734	75.7510729613734	75.7510729613734	75.7510729613734	75.7510729613734	75.7510729613734	75.7510729613734
0.11	75.10729613733905	75.10729613733905	75.10729613733905	75.10729613733905	75.10729613733905	75.10729613733905	75.32188841201717	75.32188841201717	75.32188841201717	75.32188841201717	75.32188841201717	75.32188841201717	75.32188841201717	75.32188841201717	75.32188841201717	75.32188841201717	75.32188841201717	75.32188841201717	75.32188841201717	75.10729613733905	75.10729613733905	75.10729613733905	75.32188841201717	75.32188841201717	75.32188841201717	75.32188841201717	75.32188841201717	75.32188841201717	75.32188841201717	75.32188841201717	75.32188841201717	75.32188841201717	75.32188841201717	75.53648068669528	75.53648068669528	75.53648068669528	75.53648068669528	75.53648068669528	75.53648068669528	75.53648068669528	75.53648068669528	75.53648068669528	75.53648068669528	75.53648068669528	75.53648068669528	75.53648068669528	75.53648068669528	75.53648068669528	75.53648068669528	75.53648068669528	75.53648068669528	75.53648068669528	75.53648068669528	75.53648068669528	75.7510729613734	75.7510729613734	75.7510729613734	75.7510729613734	75.7510729613734	75.7510729613734	75.9656652360515	75.9656652360515	75.9656652360515	75.9656652360515	75.9656652360515	75.9656652360515	75.9656652360515	75.9656652360515	76.1802575107296	76.1802575107296	76.1802575107296	76.1802575107296	76.1802575107296	76.1802575107296	76.1802575107296	76.1802575107296	76.1802575107296	76.1802575107296	76.1802575107296	76.1802575107296	76.39484978540773	76.39484978540773	76.39484978540773	76.60944206008584	76.60944206008584	76.60944206008584	76.60944206008584	76.60944206008584	76.60944206008584	76.60944206008584	76.60944206008584	76.60944206008584	76.60944206008584	76.60944206008584	76.60944206008584	76.82403433476395	76.82403433476395	76.82403433476395	77.03862660944206	77.03862660944206	77.03862660944206
0.12	75.32188841201717	75.32188841201717	75.32188841201717	75.32188841201717	75.32188841201717	75.32188841201717	75.32188841201717	75.32188841201717	75.32188841201717	75.32188841201717	75.32188841201717	75.32188841201717	75.32188841201717	75.32188841201717	75.32188841201717	75.32188841201717	75.32188841201717	75.53648068669528	75.53648068669528	75.53648068669528	75.53648068669528	75.53648068669528	75.53648068669528	75.53648068669528	75.53648068669528	75.53648068669528	75.53648068669528	75.53648068669528	75.53648068669528	75.7510729613734	75.7510729613734	75.7510729613734	75.7510729613734	75.7510729613734	75.7510729613734	75.9656652360515	75.9656652360515	75.9656652360515	75.9656652360515	75.9656652360515	75.9656652360515	75.9656652360515	76.39484978540773	76.39484978540773	76.39484978540773	76.39484978540773	76.39484978540773	76.39484978540773	76.39484978540773	76.39484978540773	76.39484978540773	76.60944206008584	76.60944206008584	76.60944206008584	76.60944206008584	76.60944206008584	76.60944206008584	76.60944206008584	76.60944206008584	76.82403433476395	77.03862660944206	77.03862660944206	77.03862660944206	77.03862660944206	77.03862660944206	77.03862660944206	77.03862660944206	77.03862660944206	77.03862660944206	77.03862660944206	77.03862660944206	77.03862660944206	77.03862660944206	77.25321888412017	77.25321888412017	77.25321888412017	77.25321888412017	77.25321888412017	77.25321888412017	77.25321888412017	77.25321888412017	77.46781115879828	77.46781115879828	77.46781115879828	77.46781115879828	77.46781115879828	77.46781115879828	77.6824034334764	77.6824034334764	77.6824034334764	77.6824034334764	77.6824034334764	77.6824034334764	77.6824034334764	77.6824034334764	77.6824034334764	77.6824034334764	77.6824034334764	77.8969957081545	77.8969957081545	77.8969957081545
0.13	75.53648068669528	75.53648068669528	75.53648068669528	75.53648068669528	75.53648068669528	75.53648068669528	75.53648068669528	75.53648068669528	75.53648068669528	75.53648068669528	75.53648068669528	75.53648068669528	75.53648068669528	75.7510729613734	75.7510729613734	75.7510729613734	75.7510729613734	75.7510729613734	75.7510729613734	75.7510729613734	75.7510729613734	75.7510729613734	75.7510729613734	75.7510729613734	75.9656652360515	75.9656652360515	75.9656652360515	76.39484978540773	76.39484978540773	76.39484978540773	76.39484978540773	76.60944206008584	76.60944206008584	76.60944206008584	76.60944206008584	76.82403433476395	76.82403433476395	77.03862660944206	77.03862660944206	77.03862660944206	77.03862660944206	77.25321888412017	77.25321888412017	77.25321888412017	77.25321888412017	77.25321888412017	77.25321888412017	77.25321888412017	77.25321888412017	77.25321888412017	77.25321888412017	77.25321888412017	77.25321888412017	77.25321888412017	77.25321888412017	77.25321888412017	77.25321888412017	77.25321888412017	77.25321888412017	77.25321888412017	77.25321888412017	77.25321888412017	77.25321888412017	77.25321888412017	77.25321888412017	77.25321888412017	77.25321888412017	77.25321888412017	77.46781115879828	77.6824034334764	77.8969957081545	77.8969957081545	77.8969957081545	77.8969957081545	77.8969957081545	78.11158798283262	78.32618025751073	78.11158798283262	78.11158798283262	78.11158798283262	78.11158798283262	78.11158798283262	78.11158798283262	78.11158798283262	78.11158798283262	78.32618025751073	78.32618025751073	78.32618025751073	78.32618025751073	78.54077253218884	78.54077253218884	78.75536480686695	78.96995708154506	79.18454935622317	79.18454935622317	79.18454935622317	79.18454935622317	79.18454935622317	79.18454935622317	79.18454935622317	79.39914163090128
0.14	75.7510729613734	75.9656652360515	76.1802575107296	76.1802575107296	76.1802575107296	76.1802575107296	76.1802575107296	76.39484978540773	76.60944206008584	76.60944206008584	76.60944206008584	76.60944206008584	76.60944206008584	76.60944206008584	76.82403433476395	76.82403433476395	76.82403433476395	76.82403433476395	76.82403433476395	76.82403433476395	76.82403433476395	76.82403433476395	77.03862660944206	77.03862660944206	77.03862660944206	77.03862660944206	77.25321888412017	77.25321888412017	77.25321888412017	77.25321888412017	77.46781115879828	77.46781115879828	77.46781115879828	77.46781115879828	77.6824034334764	77.8969957081545	77.8969957081545	77.8969957081545	77.6824034334764	77.8969957081545	77.8969957081545	77.8969957081545	77.8969957081545	77.8969957081545	77.8969957081545	77.8969957081545	77.8969957081545	77.8969957081545	77.8969957081545	77.8969957081545	77.8969957081545	77.8969957081545	77.8969957081545	77.8969957081545	77.8969957081545	77.8969957081545	77.8969957081545	78.11158798283262	78.32618025751073	78.32618025751073	78.32618025751073	78.54077253218884	78.54077253218884	78.54077253218884	78.75536480686695	78.96995708154506	78.96995708154506	79.18454935622317	79.18454935622317	79.18454935622317	79.18454935622317	79.18454935622317	79.18454935622317	79.18454935622317	79.39914163090128	79.39914163090128	79.39914163090128	79.6137339055794	79.6137339055794	79.6137339055794	79.6137339055794	79.6137339055794	79.6137339055794	79.6137339055794	79.6137339055794	79.6137339055794	79.6137339055794	79.6137339055794	79.6137339055794	79.6137339055794	79.6137339055794	79.6137339055794	79.6137339055794	79.6137339055794	79.82832618025752	79.82832618025752	79.82832618025752	79.82832618025752	79.82832618025752	79.82832618025752	79.82832618025752
0.15	76.60944206008584	76.60944206008584	76.60944206008584	76.82403433476395	76.82403433476395	77.03862660944206	77.03862660944206	77.03862660944206	77.03862660944206	77.03862660944206	77.03862660944206	77.03862660944206	77.03862660944206	77.46781115879828	77.46781115879828	77.46781115879828	77.46781115879828	77.46781115879828	77.46781115879828	77.46781115879828	77.46781115879828	77.46781115879828	77.6824034334764	77.6824034334764	77.6824034334764	77.6824034334764	77.6824034334764	77.6824034334764	77.6824034334764	77.6824034334764	77.6824034334764	77.6824034334764	77.6824034334764	77.6824034334764	77.6824034334764	77.6824034334764	77.6824034334764	77.6824034334764	77.6824034334764	77.6824034334764	78.32618025751073	78.54077253218884	78.54077253218884	78.54077253218884	78.54077253218884	78.54077253218884	78.54077253218884	78.54077253218884	78.75536480686695	78.96995708154506	78.96995708154506	78.96995708154506	78.96995708154506	78.96995708154506	78.96995708154506	79.18454935622317	79.18454935622317	79.39914163090128	79.39914163090128	79.6137339055794	79.6137339055794	79.6137339055794	79.6137339055794	79.6137339055794	79.6137339055794	79.6137339055794	79.6137339055794	79.6137339055794	79.6137339055794	79.6137339055794	79.6137339055794	79.82832618025752	79.82832618025752	79.82832618025752	79.82832618025752	79.82832618025752	80.04291845493562	80.04291845493562	80.04291845493562	80.04291845493562	80.04291845493562	80.47210300429185	80.47210300429185	80.47210300429185	80.47210300429185	80.47210300429185	80.47210300429185	80.47210300429185	80.47210300429185	80.47210300429185	80.47210300429185	80.47210300429185	80.47210300429185	80.47210300429185	80.47210300429185	80.47210300429185	80.47210300429185	80.68669527896995	80.68669527896995	80.68669527896995	80.68669527896995
0.16	77.03862660944206	77.46781115879828	77.46781115879828	77.46781115879828	77.46781115879828	77.46781115879828	77.6824034334764	77.6824034334764	77.6824034334764	77.6824034334764	77.6824034334764	77.6824034334764	77.6824034334764	77.6824034334764	77.6824034334764	77.6824034334764	77.6824034334764	77.6824034334764	77.8969957081545	77.8969957081545	77.8969957081545	77.8969957081545	78.11158798283262	78.11158798283262	78.11158798283262	78.11158798283262	78.11158798283262	78.32618025751073	78.32618025751073	78.32618025751073	78.32618025751073	78.32618025751073	78.54077253218884	78.54077253218884	78.54077253218884	78.54077253218884	78.75536480686695	78.75536480686695	78.75536480686695	78.96995708154506	78.96995708154506	79.39914163090128	79.39914163090128	79.39914163090128	79.39914163090128	79.39914163090128	79.82832618025752	80.04291845493562	80.04291845493562	80.25751072961373	80.25751072961373	80.25751072961373	80.47210300429185	80.47210300429185	80.47210300429185	80.47210300429185	80.47210300429185	80.47210300429185	80.47210300429185	80.47210300429185	80.47210300429185	80.47210300429185	80.47210300429185	80.68669527896995	80.68669527896995	80.68669527896995	80.68669527896995	80.68669527896995	80.68669527896995	80.68669527896995	80.68669527896995	80.68669527896995	80.90128755364807	80.90128755364807	80.90128755364807	80.90128755364807	80.90128755364807	80.90128755364807	80.90128755364807	80.90128755364807	80.90128755364807	80.90128755364807	80.90128755364807	80.90128755364807	80.90128755364807	80.90128755364807	80.90128755364807	81.11587982832617	81.11587982832617	81.11587982832617	81.11587982832617	81.11587982832617	81.11587982832617	81.3304721030043	81.3304721030043	81.54506437768241	81.75965665236052	81.75965665236052	81.75965665236052	81.75965665236052	81.75965665236052
0.17	77.6824034334764	77.6824034334764	77.6824034334764	77.6824034334764	77.6824034334764	77.6824034334764	77.8969957081545	77.8969957081545	77.8969957081545	77.8969957081545	77.8969957081545	77.8969957081545	77.8969957081545	77.8969957081545	78.11158798283262	78.11158798283262	78.32618025751073	78.54077253218884	78.54077253218884	78.54077253218884	78.54077253218884	78.54077253218884	78.54077253218884	78.75536480686695	78.96995708154506	78.96995708154506	78.96995708154506	78.96995708154506	78.96995708154506	78.96995708154506	78.96995708154506	78.96995708154506	78.96995708154506	78.96995708154506	79.6137339055794	79.6137339055794	79.6137339055794	79.6137339055794	79.6137339055794	79.6137339055794	79.82832618025752	79.82832618025752	80.25751072961373	80.25751072961373	80.25751072961373	80.25751072961373	80.25751072961373	80.47210300429185	80.68669527896995	80.68669527896995	80.68669527896995	80.68669527896995	80.68669527896995	80.68669527896995	80.68669527896995	80.68669527896995	80.68669527896995	80.68669527896995	80.68669527896995	80.68669527896995	80.68669527896995	80.68669527896995	80.68669527896995	80.68669527896995	80.68669527896995	80.68669527896995	80.68669527896995	80.68669527896995	80.90128755364807	80.90128755364807	80.90128755364807	81.11587982832617	81.3304721030043	81.3304721030043	81.3304721030043	81.3304721030043	81.3304721030043	81.54506437768241	81.75965665236052	81.75965665236052	81.75965665236052	81.75965665236052	82.18884120171673	82.18884120171673	82.18884120171673	82.18884120171673	82.40343347639485	82.40343347639485	82.40343347639485	82.40343347639485	82.40343347639485	82.61802575107296	82.61802575107296	82.61802575107296	82.61802575107296	82.61802575107296	82.61802575107296	82.61802575107296	82.61802575107296	82.61802575107296	82.61802575107296
0.18	78.11158798283262	78.32618025751073	78.32618025751073	78.75536480686695	78.75536480686695	78.96995708154506	78.96995708154506	78.96995708154506	78.96995708154506	79.18454935622317	79.18454935622317	79.18454935622317	79.18454935622317	79.18454935622317	79.18454935622317	79.18454935622317	79.39914163090128	79.39914163090128	79.39914163090128	79.6137339055794	79.6137339055794	79.6137339055794	79.6137339055794	79.82832618025752	79.82832618025752	79.82832618025752	79.82832618025752	80.04291845493562	80.04291845493562	80.04291845493562	80.04291845493562	80.04291845493562	80.25751072961373	80.25751072961373	80.47210300429185	80.47210300429185	80.47210300429185	80.47210300429185	80.47210300429185	80.47210300429185	80.47210300429185	80.47210300429185	80.47210300429185	80.68669527896995	80.68669527896995	80.68669527896995	80.68669527896995	80.68669527896995	80.90128755364807	80.90128755364807	80.90128755364807	81.11587982832617	81.11587982832617	81.11587982832617	81.3304721030043	81.3304721030043	81.3304721030043	81.3304721030043	81.3304721030043	81.54506437768241	81.54506437768241	81.54506437768241	81.75965665236052	81.75965665236052	81.75965665236052	81.75965665236052	81.97424892703863	81.97424892703863	81.97424892703863	82.18884120171673	82.40343347639485	82.40343347639485	82.40343347639485	82.40343347639485	82.40343347639485	82.40343347639485	82.40343347639485	82.40343347639485	82.40343347639485	82.61802575107296	82.61802575107296	82.61802575107296	82.61802575107296	82.61802575107296	82.61802575107296	82.61802575107296	82.61802575107296	82.61802575107296	82.61802575107296	82.61802575107296	82.61802575107296	83.04721030042919	83.04721030042919	83.2618025751073	83.2618025751073	83.2618025751073	83.2618025751073	83.2618025751073	83.2618025751073	83.2618025751073	83.2618025751073
0.19	79.18454935622317	79.18454935622317	79.18454935622317	79.18454935622317	79.18454935622317	79.39914163090128	79.39914163090128	79.6137339055794	79.6137339055794	79.6137339055794	79.6137339055794	79.6137339055794	79.6137339055794	79.6137339055794	79.82832618025752	79.82832618025752	79.82832618025752	79.82832618025752	79.82832618025752	80.04291845493562	80.04291845493562	80.04291845493562	80.25751072961373	80.25751072961373	80.25751072961373	80.25751072961373	80.25751072961373	80.47210300429185	80.68669527896995	80.90128755364807	80.90128755364807	80.90128755364807	80.90128755364807	80.90128755364807	80.90128755364807	80.90128755364807	80.90128755364807	81.11587982832617	81.11587982832617	81.11587982832617	81.11587982832617	81.11587982832617	81.11587982832617	81.11587982832617	81.54506437768241	81.54506437768241	81.54506437768241	81.54506437768241	81.75965665236052	81.75965665236052	81.75965665236052	81.75965665236052	81.75965665236052	81.75965665236052	81.75965665236052	81.75965665236052	81.75965665236052	81.75965665236052	81.75965665236052	81.97424892703863	81.97424892703863	81.97424892703863	82.18884120171673	82.18884120171673	82.18884120171673	82.18884120171673	81.97424892703863	81.97424892703863	82.18884120171673	82.40343347639485	82.40343347639485	82.61802575107296	82.61802575107296	82.61802575107296	82.61802575107296	82.61802575107296	82.61802575107296	82.61802575107296	82.83261802575107	82.83261802575107	83.2618025751073	83.2618025751073	83.47639484978541	83.2618025751073	83.2618025751073	83.2618025751073	83.2618025751073	83.2618025751073	83.2618025751073	83.2618025751073	83.2618025751073	83.2618025751073	83.2618025751073	83.2618025751073	83.47639484978541	83.47639484978541	83.47639484978541	83.47639484978541	83.47639484978541	83.47639484978541	83.47639484978541
0.2	79.39914163090128	79.39914163090128	79.39914163090128	79.39914163090128	79.39914163090128	79.6137339055794	79.82832618025752	80.04291845493562	80.04291845493562	80.04291845493562	80.04291845493562	80.25751072961373	80.47210300429185	80.47210300429185	80.47210300429185	80.47210300429185	80.68669527896995	80.68669527896995	80.68669527896995	80.68669527896995	80.68669527896995	80.68669527896995	81.11587982832617	81.11587982832617	81.11587982832617	81.11587982832617	81.11587982832617	81.11587982832617	81.11587982832617	81.11587982832617	81.11587982832617	81.11587982832617	81.11587982832617	81.3304721030043	81.3304721030043	81.3304721030043	81.3304721030043	81.3304721030043	81.3304721030043	81.3304721030043	81.3304721030043	81.3304721030043	81.3304721030043	81.11587982832617	81.11587982832617	81.3304721030043	81.3304721030043	81.3304721030043	81.3304721030043	81.54506437768241	81.54506437768241	81.54506437768241	81.54506437768241	81.75965665236052	81.97424892703863	82.18884120171673	82.18884120171673	82.18884120171673	82.40343347639485	82.40343347639485	82.40343347639485	82.40343347639485	82.61802575107296	82.61802575107296	82.61802575107296	82.61802575107296	82.61802575107296	82.83261802575107	83.04721030042919	83.04721030042919	83.04721030042919	83.04721030042919	83.04721030042919	83.04721030042919	83.04721030042919	83.04721030042919	83.2618025751073	83.2618025751073	83.47639484978541	83.47639484978541	83.47639484978541	83.47639484978541	83.47639484978541	83.69098712446352	83.69098712446352	83.69098712446352	83.69098712446352	83.69098712446352	83.90557939914163	84.12017167381974	84.12017167381974	84.33476394849787	84.33476394849787	84.33476394849787	84.33476394849787	84.54935622317596	84.54935622317596	84.54935622317596	84.54935622317596	84.54935622317596	84.54935622317596
0.21	80.47210300429185	80.47210300429185	80.47210300429185	80.47210300429185	80.47210300429185	80.47210300429185	80.25751072961373	80.04291845493562	80.25751072961373	80.25751072961373	80.25751072961373	80.25751072961373	80.47210300429185	80.68669527896995	80.68669527896995	80.68669527896995	80.90128755364807	80.90128755364807	81.11587982832617	81.11587982832617	81.3304721030043	81.3304721030043	81.3304721030043	81.3304721030043	81.3304721030043	81.3304721030043	81.3304721030043	81.3304721030043	81.3304721030043	81.3304721030043	81.3304721030043	81.54506437768241	81.54506437768241	81.54506437768241	81.54506437768241	81.54506437768241	81.54506437768241	81.75965665236052	81.75965665236052	81.75965665236052	81.75965665236052	81.97424892703863	81.97424892703863	81.97424892703863	82.18884120171673	82.40343347639485	82.40343347639485	82.40343347639485	82.40343347639485	82.61802575107296	82.83261802575107	82.83261802575107	82.83261802575107	82.83261802575107	82.83261802575107	82.83261802575107	83.04721030042919	83.2618025751073	83.2618025751073	83.2618025751073	83.47639484978541	83.47639484978541	83.47639484978541	83.47639484978541	83.47639484978541	83.69098712446352	83.69098712446352	83.90557939914163	83.90557939914163	83.90557939914163	84.12017167381974	84.12017167381974	84.12017167381974	84.12017167381974	84.12017167381974	84.33476394849787	84.33476394849787	84.33476394849787	84.33476394849787	84.33476394849787	84.33476394849787	84.33476394849787	84.33476394849787	84.54935622317596	84.54935622317596	84.76394849785407	84.97854077253218	84.97854077253218	84.97854077253218	84.97854077253218	84.97854077253218	84.97854077253218	84.97854077253218	84.97854077253218	84.97854077253218	85.1931330472103	85.40772532188842	85.40772532188842	85.40772532188842	85.40772532188842	85.40772532188842
0.22	80.68669527896995	80.68669527896995	80.68669527896995	80.68669527896995	80.68669527896995	80.68669527896995	80.68669527896995	80.90128755364807	81.11587982832617	81.11587982832617	81.3304721030043	81.3304721030043	81.3304721030043	81.54506437768241	81.54506437768241	81.54506437768241	81.54506437768241	81.54506437768241	81.54506437768241	81.54506437768241	81.75965665236052	81.54506437768241	81.75965665236052	81.75965665236052	81.75965665236052	81.75965665236052	81.75965665236052	81.75965665236052	81.97424892703863	81.97424892703863	81.97424892703863	81.97424892703863	81.97424892703863	82.18884120171673	82.18884120171673	82.18884120171673	82.18884120171673	82.18884120171673	82.18884120171673	82.18884120171673	82.18884120171673	82.40343347639485	82.40343347639485	82.61802575107296	82.61802575107296	82.61802575107296	83.04721030042919	83.47639484978541	83.69098712446352	83.90557939914163	83.90557939914163	84.12017167381974	84.12017167381974	84.12017167381974	84.12017167381974	84.12017167381974	84.12017167381974	84.12017167381974	84.12017167381974	84.12017167381974	84.12017167381974	84.12017167381974	84.12017167381974	84.33476394849787	84.33476394849787	84.54935622317596	84.54935622317596	84.54935622317596	84.54935622317596	84.54935622317596	84.54935622317596	84.54935622317596	84.54935622317596	84.54935622317596	84.54935622317596	84.76394849785407	84.76394849785407	84.76394849785407	84.76394849785407	84.76394849785407	84.97854077253218	84.97854077253218	84.97854077253218	84.97854077253218	84.97854077253218	84.97854077253218	85.1931330472103	85.1931330472103	85.1931330472103	85.1931330472103	85.1931330472103	85.1931330472103	85.1931330472103	85.40772532188842	85.40772532188842	85.40772532188842	85.40772532188842	85.40772532188842	85.40772532188842	85.40772532188842	85.40772532188842
0.23	81.11587982832617	81.11587982832617	81.11587982832617	81.3304721030043	81.3304721030043	81.3304721030043	81.3304721030043	81.3304721030043	81.3304721030043	81.75965665236052	81.75965665236052	81.75965665236052	81.75965665236052	81.97424892703863	81.97424892703863	81.97424892703863	81.97424892703863	81.97424892703863	81.97424892703863	81.97424892703863	81.97424892703863	81.97424892703863	81.97424892703863	81.97424892703863	82.18884120171673	82.40343347639485	82.40343347639485	82.40343347639485	82.40343347639485	82.40343347639485	82.40343347639485	82.40343347639485	82.61802575107296	83.2618025751073	83.47639484978541	83.2618025751073	83.2618025751073	83.2618025751073	83.90557939914163	83.90557939914163	83.90557939914163	83.90557939914163	83.90557939914163	83.90557939914163	83.90557939914163	83.90557939914163	83.90557939914163	84.12017167381974	84.33476394849787	84.33476394849787	84.33476394849787	84.54935622317596	84.54935622317596	84.54935622317596	84.54935622317596	84.54935622317596	84.54935622317596	84.54935622317596	84.54935622317596	84.54935622317596	84.54935622317596	84.54935622317596	84.54935622317596	84.54935622317596	84.54935622317596	84.54935622317596	84.76394849785407	84.97854077253218	84.97854077253218	84.97854077253218	84.97854077253218	84.97854077253218	84.97854077253218	84.97854077253218	84.97854077253218	84.97854077253218	85.1931330472103	85.1931330472103	85.1931330472103	85.1931330472103	85.1931330472103	85.1931330472103	85.1931330472103	85.40772532188842	85.40772532188842	85.40772532188842	85.40772532188842	85.40772532188842	85.40772532188842	85.40772532188842	85.40772532188842	85.40772532188842	85.40772532188842	85.40772532188842	85.1931330472103	85.1931330472103	85.1931330472103	85.1931330472103	85.1931330472103	85.1931330472103	85.40772532188842
0.24	81.97424892703863	81.97424892703863	81.97424892703863	81.97424892703863	81.97424892703863	82.18884120171673	82.18884120171673	82.18884120171673	82.18884120171673	82.18884120171673	82.18884120171673	82.18884120171673	82.18884120171673	82.18884120171673	82.18884120171673	82.18884120171673	82.18884120171673	82.61802575107296	82.61802575107296	83.04721030042919	83.04721030042919	83.2618025751073	83.2618025751073	83.2618025751073	83.2618025751073	83.2618025751073	83.2618025751073	83.69098712446352	83.69098712446352	83.69098712446352	84.12017167381974	84.12017167381974	84.12017167381974	84.54935622317596	84.54935622317596	84.54935622317596	84.54935622317596	84.54935622317596	84.54935622317596	84.54935622317596	84.54935622317596	84.76394849785407	84.76394849785407	84.76394849785407	84.76394849785407	84.76394849785407	84.76394849785407	84.97854077253218	84.76394849785407	84.76394849785407	84.76394849785407	84.76394849785407	84.76394849785407	84.76394849785407	84.97854077253218	84.97854077253218	84.97854077253218	84.97854077253218	84.97854077253218	85.1931330472103	85.40772532188842	85.40772532188842	85.40772532188842	85.40772532188842	85.40772532188842	85.40772532188842	85.40772532188842	85.40772532188842	85.62231759656652	85.62231759656652	85.62231759656652	85.62231759656652	85.62231759656652	85.62231759656652	85.62231759656652	85.62231759656652	85.62231759656652	85.62231759656652	85.62231759656652	85.62231759656652	85.40772532188842	85.40772532188842	85.40772532188842	85.40772532188842	85.40772532188842	85.40772532188842	85.40772532188842	85.40772532188842	85.40772532188842	85.40772532188842	85.40772532188842	85.40772532188842	85.40772532188842	85.40772532188842	85.62231759656652	85.62231759656652	85.62231759656652	85.83690987124464	85.83690987124464	85.83690987124464	85.83690987124464
0.25	82.18884120171673	82.61802575107296	82.83261802575107	83.04721030042919	83.04721030042919	83.04721030042919	83.2618025751073	83.2618025751073	83.04721030042919	83.04721030042919	83.2618025751073	83.2618025751073	83.2618025751073	83.47639484978541	83.47639484978541	83.47639484978541	83.47639484978541	83.47639484978541	83.47639484978541	83.47639484978541	83.69098712446352	83.90557939914163	84.12017167381974	84.33476394849787	84.33476394849787	84.33476394849787	84.33476394849787	84.33476394849787	84.33476394849787	84.54935622317596	84.76394849785407	84.76394849785407	84.97854077253218	84.97854077253218	84.97854077253218	84.97854077253218	84.97854077253218	84.97854077253218	84.97854077253218	84.97854077253218	85.1931330472103	85.1931330472103	85.40772532188842	85.40772532188842	85.40772532188842	85.40772532188842	85.40772532188842	85.40772532188842	85.62231759656652	85.62231759656652	85.62231759656652	85.62231759656652	85.83690987124464	85.83690987124464	85.83690987124464	85.83690987124464	85.83690987124464	85.83690987124464	85.83690987124464	85.62231759656652	85.83690987124464	85.83690987124464	85.83690987124464	85.83690987124464	85.83690987124464	85.83690987124464	85.83690987124464	85.83690987124464	85.62231759656652	85.62231759656652	85.62231759656652	85.62231759656652	85.62231759656652	85.62231759656652	85.62231759656652	85.62231759656652	85.62231759656652	85.62231759656652	85.62231759656652	85.62231759656652	85.83690987124464	85.83690987124464	85.83690987124464	85.83690987124464	85.83690987124464	86.05150214592274	86.05150214592274	86.05150214592274	86.05150214592274	86.05150214592274	86.05150214592274	86.26609442060087	86.26609442060087	86.26609442060087	86.26609442060087	86.26609442060087	86.26609442060087	86.26609442060087	86.26609442060087	86.26609442060087	86.26609442060087
0.26	83.2618025751073	83.2618025751073	83.2618025751073	83.2618025751073	83.2618025751073	83.2618025751073	83.2618025751073	83.69098712446352	83.69098712446352	83.69098712446352	83.69098712446352	83.69098712446352	83.69098712446352	83.69098712446352	83.69098712446352	84.12017167381974	83.90557939914163	84.12017167381974	84.33476394849787	84.33476394849787	84.33476394849787	84.54935622317596	84.54935622317596	84.76394849785407	84.97854077253218	84.97854077253218	84.97854077253218	84.97854077253218	84.97854077253218	84.97854077253218	84.97854077253218	84.97854077253218	85.40772532188842	85.40772532188842	85.40772532188842	85.40772532188842	85.40772532188842	85.40772532188842	85.40772532188842	85.40772532188842	85.40772532188842	85.40772532188842	85.40772532188842	85.40772532188842	85.40772532188842	85.62231759656652	85.62231759656652	85.62231759656652	85.83690987124464	85.83690987124464	85.83690987124464	85.83690987124464	85.83690987124464	86.05150214592274	86.05150214592274	86.05150214592274	85.83690987124464	85.83690987124464	85.83690987124464	85.83690987124464	85.83690987124464	85.83690987124464	85.83690987124464	85.83690987124464	85.83690987124464	85.83690987124464	86.05150214592274	86.05150214592274	86.05150214592274	86.05150214592274	85.83690987124464	85.83690987124464	85.83690987124464	86.05150214592274	86.05150214592274	86.05150214592274	86.05150214592274	86.05150214592274	86.05150214592274	86.05150214592274	86.05150214592274	86.26609442060087	86.26609442060087	86.26609442060087	86.26609442060087	86.48068669527898	86.48068669527898	86.48068669527898	86.48068669527898	86.69527896995707	86.69527896995707	86.69527896995707	86.69527896995707	86.69527896995707	86.69527896995707	86.69527896995707	86.9098712446352	87.1244635193133	87.1244635193133	87.1244635193133	87.33905579399142
0.27	83.47639484978541	83.47639484978541	83.69098712446352	83.90557939914163	83.90557939914163	83.90557939914163	83.90557939914163	83.90557939914163	84.12017167381974	84.33476394849787	84.54935622317596	84.54935622317596	84.54935622317596	84.54935622317596	84.54935622317596	84.54935622317596	84.76394849785407	84.76394849785407	84.76394849785407	84.76394849785407	84.76394849785407	84.97854077253218	85.1931330472103	84.97854077253218	84.97854077253218	84.97854077253218	84.97854077253218	84.97854077253218	84.97854077253218	84.97854077253218	84.97854077253218	84.97854077253218	84.97854077253218	85.1931330472103	85.40772532188842	85.40772532188842	85.40772532188842	85.40772532188842	85.40772532188842	85.62231759656652	85.62231759656652	85.62231759656652	85.62231759656652	85.62231759656652	85.62231759656652	85.62231759656652	85.62231759656652	85.62231759656652	85.83690987124464	85.83690987124464	85.83690987124464	85.83690987124464	85.83690987124464	86.05150214592274	86.05150214592274	86.05150214592274	86.05150214592274	86.05150214592274	86.05150214592274	86.05150214592274	86.05150214592274	86.05150214592274	86.05150214592274	86.26609442060087	86.26609442060087	86.26609442060087	86.26609442060087	86.26609442060087	86.48068669527898	86.48068669527898	86.48068669527898	86.48068669527898	86.69527896995707	86.69527896995707	86.69527896995707	86.69527896995707	86.69527896995707	86.9098712446352	86.9098712446352	86.9098712446352	86.69527896995707	86.69527896995707	86.69527896995707	86.69527896995707	86.69527896995707	86.69527896995707	86.69527896995707	86.9098712446352	86.9098712446352	87.1244635193133	87.1244635193133	87.33905579399142	87.33905579399142	87.33905579399142	87.55364806866953	87.76824034334764	87.76824034334764	87.76824034334764	87.76824034334764	87.76824034334764	87.76824034334764
0.28	83.90557939914163	84.12017167381974	84.12017167381974	84.12017167381974	84.33476394849787	84.54935622317596	84.54935622317596	84.54935622317596	84.54935622317596	84.76394849785407	84.76394849785407	84.76394849785407	84.76394849785407	84.97854077253218	84.97854077253218	84.97854077253218	84.97854077253218	85.1931330472103	85.1931330472103	85.1931330472103	85.1931330472103	85.1931330472103	85.1931330472103	85.1931330472103	85.1931330472103	85.1931330472103	85.1931330472103	85.1931330472103	85.1931330472103	85.1931330472103	84.97854077253218	84.97854077253218	84.97854077253218	85.1931330472103	85.1931330472103	85.1931330472103	85.1931330472103	85.1931330472103	85.1931330472103	85.1931330472103	85.40772532188842	85.40772532188842	85.62231759656652	85.62231759656652	85.62231759656652	85.62231759656652	85.62231759656652	85.62231759656652	85.83690987124464	86.05150214592274	86.05150214592274	86.05150214592274	86.26609442060087	86.48068669527898	86.48068669527898	86.48068669527898	86.48068669527898	86.48068669527898	86.48068669527898	86.48068669527898	86.48068669527898	86.48068669527898	86.48068669527898	86.69527896995707	86.69527896995707	86.69527896995707	86.9098712446352	86.9098712446352	86.9098712446352	86.9098712446352	86.9098712446352	86.9098712446352	86.9098712446352	86.9098712446352	86.9098712446352	86.9098712446352	86.9098712446352	86.9098712446352	87.1244635193133	87.1244635193133	87.33905579399142	87.55364806866953	87.76824034334764	87.76824034334764	87.76824034334764	87.76824034334764	87.76824034334764	87.76824034334764	87.98283261802575	87.76824034334764	87.76824034334764	87.76824034334764	87.98283261802575	87.98283261802575	87.98283261802575	88.19742489270385	88.19742489270385	88.19742489270385	88.41201716738198	88.41201716738198	88.41201716738198
0.29	84.54935622317596	84.54935622317596	84.76394849785407	84.76394849785407	84.76394849785407	84.97854077253218	84.97854077253218	84.97854077253218	84.97854077253218	84.97854077253218	84.97854077253218	84.97854077253218	84.97854077253218	84.97854077253218	85.1931330472103	85.1931330472103	85.1931330472103	85.1931330472103	85.1931330472103	85.1931330472103	85.1931330472103	85.1931330472103	85.1931330472103	85.1931330472103	85.1931330472103	85.1931330472103	85.1931330472103	84.97854077253218	85.1931330472103	85.1931330472103	85.40772532188842	85.40772532188842	85.40772532188842	85.40772532188842	85.62231759656652	85.62231759656652	85.40772532188842	85.40772532188842	85.83690987124464	85.83690987124464	85.83690987124464	85.83690987124464	85.83690987124464	85.83690987124464	85.83690987124464	86.05150214592274	86.05150214592274	86.05150214592274	86.05150214592274	86.26609442060087	86.26609442060087	86.26609442060087	86.26609442060087	86.26609442060087	86.26609442060087	86.48068669527898	86.69527896995707	86.69527896995707	86.69527896995707	86.69527896995707	86.9098712446352	86.9098712446352	86.9098712446352	86.9098712446352	86.9098712446352	86.9098712446352	86.9098712446352	87.1244635193133	87.1244635193133	87.1244635193133	87.33905579399142	87.33905579399142	87.33905579399142	87.33905579399142	87.76824034334764	87.76824034334764	87.76824034334764	87.76824034334764	87.76824034334764	87.76824034334764	87.98283261802575	87.98283261802575	87.98283261802575	87.98283261802575	87.98283261802575	87.98283261802575	88.19742489270385	88.19742489270385	87.98283261802575	88.19742489270385	88.19742489270385	88.19742489270385	88.41201716738198	88.41201716738198	88.41201716738198	88.41201716738198	88.41201716738198	88.41201716738198	88.19742489270385	88.19742489270385	88.19742489270385
0.3	85.1931330472103	85.1931330472103	85.1931330472103	85.1931330472103	85.1931330472103	85.1931330472103	85.1931330472103	85.1931330472103	85.1931330472103	85.1931330472103	85.1931330472103	85.40772532188842	85.40772532188842	85.40772532188842	85.40772532188842	85.40772532188842	85.40772532188842	85.40772532188842	85.40772532188842	85.1931330472103	85.40772532188842	85.40772532188842	85.40772532188842	85.62231759656652	85.62231759656652	85.83690987124464	85.83690987124464	85.83690987124464	86.05150214592274	86.05150214592274	86.05150214592274	86.05150214592274	86.05150214592274	86.05150214592274	86.05150214592274	86.05150214592274	86.05150214592274	86.26609442060087	86.26609442060087	86.48068669527898	86.48068669527898	86.26609442060087	86.26609442060087	86.26609442060087	86.26609442060087	86.26609442060087	86.26609442060087	86.69527896995707	86.69527896995707	86.69527896995707	86.9098712446352	86.9098712446352	86.9098712446352	86.9098712446352	87.1244635193133	87.1244635193133	87.1244635193133	87.1244635193133	87.1244635193133	87.1244635193133	86.9098712446352	86.9098712446352	86.9098712446352	87.1244635193133	87.1244635193133	87.1244635193133	87.1244635193133	87.55364806866953	87.76824034334764	87.76824034334764	87.76824034334764	87.76824034334764	87.98283261802575	87.98283261802575	88.19742489270385	88.19742489270385	88.19742489270385	88.19742489270385	88.41201716738198	88.19742489270385	88.19742489270385	88.19742489270385	88.19742489270385	88.19742489270385	88.41201716738198	88.62660944206009	88.62660944206009	88.62660944206009	88.62660944206009	88.62660944206009	88.62660944206009	88.8412017167382	88.8412017167382	88.8412017167382	88.8412017167382	88.8412017167382	89.05579399141631	89.05579399141631	89.05579399141631	89.05579399141631	89.05579399141631
0.31	85.1931330472103	85.1931330472103	85.1931330472103	85.1931330472103	85.1931330472103	85.1931330472103	85.1931330472103	85.1931330472103	85.40772532188842	85.40772532188842	85.62231759656652	85.40772532188842	85.62231759656652	85.62231759656652	85.62231759656652	85.62231759656652	85.62231759656652	85.62231759656652	85.83690987124464	85.83690987124464	85.83690987124464	85.83690987124464	85.83690987124464	86.05150214592274	86.05150214592274	86.05150214592274	86.05150214592274	86.05150214592274	86.05150214592274	86.26609442060087	86.26609442060087	86.26609442060087	86.26609442060087	86.26609442060087	86.26609442060087	86.26609442060087	86.26609442060087	86.26609442060087	86.26609442060087	86.26609442060087	86.48068669527898	86.69527896995707	86.69527896995707	86.9098712446352	86.9098712446352	86.9098712446352	86.9098712446352	86.69527896995707	86.69527896995707	86.69527896995707	86.9098712446352	86.9098712446352	86.9098712446352	86.9098712446352	86.9098712446352	86.9098712446352	87.1244635193133	87.33905579399142	87.33905579399142	87.33905579399142	87.55364806866953	87.76824034334764	87.76824034334764	87.98283261802575	87.98283261802575	87.98283261802575	87.98283261802575	87.98283261802575	87.98283261802575	87.98283261802575	87.98283261802575	87.76824034334764	87.76824034334764	87.98283261802575	87.98283261802575	87.98283261802575	87.98283261802575	87.98283261802575	87.98283261802575	88.62660944206009	88.62660944206009	88.62660944206009	88.62660944206009	88.8412017167382	88.8412017167382	88.8412017167382	88.8412017167382	88.8412017167382	89.05579399141631	89.05579399141631	89.05579399141631	89.05579399141631	89.05579399141631	89.27038626609442	89.27038626609442	89.05579399141631	89.05579399141631	89.05579399141631	89.05579399141631	89.05579399141631	89.05579399141631
0.32	85.1931330472103	85.62231759656652	85.62231759656652	85.62231759656652	85.40772532188842	85.62231759656652	85.62231759656652	85.62231759656652	85.62231759656652	85.62231759656652	85.62231759656652	85.62231759656652	85.62231759656652	85.83690987124464	85.83690987124464	85.83690987124464	85.83690987124464	85.83690987124464	85.62231759656652	85.83690987124464	85.83690987124464	85.83690987124464	85.83690987124464	86.05150214592274	86.05150214592274	86.05150214592274	86.05150214592274	86.05150214592274	86.05150214592274	86.05150214592274	86.26609442060087	86.26609442060087	86.48068669527898	86.69527896995707	86.69527896995707	86.69527896995707	86.69527896995707	86.69527896995707	86.69527896995707	86.69527896995707	86.69527896995707	86.69527896995707	86.9098712446352	86.9098712446352	86.9098712446352	86.9098712446352	86.9098712446352	87.1244635193133	87.1244635193133	87.1244635193133	87.55364806866953	87.55364806866953	87.33905579399142	87.76824034334764	87.76824034334764	87.98283261802575	87.98283261802575	87.98283261802575	87.98283261802575	87.98283261802575	87.98283261802575	87.98283261802575	87.98283261802575	87.76824034334764	87.76824034334764	87.76824034334764	87.76824034334764	87.98283261802575	88.19742489270385	88.19742489270385	88.19742489270385	88.19742489270385	88.19742489270385	88.19742489270385	88.62660944206009	88.62660944206009	88.62660944206009	88.62660944206009	88.62660944206009	88.62660944206009	88.8412017167382	89.05579399141631	89.05579399141631	89.05579399141631	89.05579399141631	89.05579399141631	89.05579399141631	89.05579399141631	89.05579399141631	88.8412017167382	88.8412017167382	88.8412017167382	88.8412017167382	89.05579399141631	89.05579399141631	89.05579399141631	89.27038626609442	89.27038626609442	89.48497854077253	89.48497854077253	89.27038626609442
0.33	85.1931330472103	85.1931330472103	85.40772532188842	85.40772532188842	85.40772532188842	85.40772532188842	85.40772532188842	85.40772532188842	85.40772532188842	85.62231759656652	85.62231759656652	85.62231759656652	85.62231759656652	85.62231759656652	85.83690987124464	85.83690987124464	86.05150214592274	86.05150214592274	86.05150214592274	86.05150214592274	86.05150214592274	86.26609442060087	86.48068669527898	86.48068669527898	86.48068669527898	86.48068669527898	86.69527896995707	86.69527896995707	86.69527896995707	86.69527896995707	86.69527896995707	86.69527896995707	86.69527896995707	86.69527896995707	86.69527896995707	86.69527896995707	86.69527896995707	86.9098712446352	86.9098712446352	86.9098712446352	86.9098712446352	86.9098712446352	87.1244635193133	87.33905579399142	87.55364806866953	87.55364806866953	87.55364806866953	87.76824034334764	87.76824034334764	87.98283261802575	88.19742489270385	88.19742489270385	88.19742489270385	88.19742489270385	88.19742489270385	88.19742489270385	87.98283261802575	87.98283261802575	87.98283261802575	87.98283261802575	87.98283261802575	87.98283261802575	87.98283261802575	87.98283261802575	88.19742489270385	88.19742489270385	88.19742489270385	88.19742489270385	88.19742489270385	88.62660944206009	88.8412017167382	88.8412017167382	88.8412017167382	89.05579399141631	89.05579399141631	89.05579399141631	89.05579399141631	89.05579399141631	89.05579399141631	89.05579399141631	89.05579399141631	89.05579399141631	89.05579399141631	88.8412017167382	88.8412017167382	88.8412017167382	88.8412017167382	88.8412017167382	88.8412017167382	88.8412017167382	89.05579399141631	89.05579399141631	89.27038626609442	89.27038626609442	89.05579399141631	89.05579399141631	89.05579399141631	89.05579399141631	89.05579399141631	89.05579399141631	89.05579399141631
0.34	85.62231759656652	85.62231759656652	85.62231759656652	85.62231759656652	85.62231759656652	85.83690987124464	85.83690987124464	85.83690987124464	85.83690987124464	85.83690987124464	86.05150214592274	86.26609442060087	86.48068669527898	86.48068669527898	86.48068669527898	86.69527896995707	86.69527896995707	86.69527896995707	86.69527896995707	86.69527896995707	86.9098712446352	86.9098712446352	86.9098712446352	86.9098712446352	86.9098712446352	86.9098712446352	86.9098712446352	86.9098712446352	87.1244635193133	87.1244635193133	87.1244635193133	87.1244635193133	87.1244635193133	87.1244635193133	87.33905579399142	87.33905579399142	87.33905579399142	87.33905579399142	87.55364806866953	87.55364806866953	87.55364806866953	87.76824034334764	87.76824034334764	87.98283261802575	88.19742489270385	88.41201716738198	88.41201716738198	88.41201716738198	88.41201716738198	88.19742489270385	88.19742489270385	88.41201716738198	88.41201716738198	88.41201716738198	88.41201716738198	88.41201716738198	88.41201716738198	88.41201716738198	88.41201716738198	88.41201716738198	88.8412017167382	88.62660944206009	88.62660944206009	88.62660944206009	88.8412017167382	89.05579399141631	89.05579399141631	89.27038626609442	89.27038626609442	89.27038626609442	89.27038626609442	89.27038626609442	89.27038626609442	89.27038626609442	89.27038626609442	89.27038626609442	89.27038626609442	89.27038626609442	89.05579399141631	89.05579399141631	89.05579399141631	89.05579399141631	89.05579399141631	89.27038626609442	89.27038626609442	89.48497854077253	89.48497854077253	89.48497854077253	89.27038626609442	89.48497854077253	89.48497854077253	89.27038626609442	89.27038626609442	89.27038626609442	89.05579399141631	89.27038626609442	89.27038626609442	89.27038626609442	89.27038626609442	89.27038626609442	89.27038626609442
0.35	85.62231759656652	85.83690987124464	85.83690987124464	86.05150214592274	86.05150214592274	86.26609442060087	86.48068669527898	86.48068669527898	86.69527896995707	86.69527896995707	86.69527896995707	86.69527896995707	86.69527896995707	86.69527896995707	86.69527896995707	86.9098712446352	86.9098712446352	86.9098712446352	86.9098712446352	87.1244635193133	87.1244635193133	87.1244635193133	87.1244635193133	87.1244635193133	87.1244635193133	87.33905579399142	87.33905579399142	87.33905579399142	87.33905579399142	87.33905579399142	87.33905579399142	87.33905579399142	87.33905579399142	87.55364806866953	87.55364806866953	87.55364806866953	87.98283261802575	87.98283261802575	87.98283261802575	88.19742489270385	88.19742489270385	88.19742489270385	87.98283261802575	87.98283261802575	88.19742489270385	88.19742489270385	88.19742489270385	88.19742489270385	88.19742489270385	88.19742489270385	88.19742489270385	88.62660944206009	88.62660944206009	88.62660944206009	88.62660944206009	88.62660944206009	88.8412017167382	88.8412017167382	88.8412017167382	89.05579399141631	89.27038626609442	89.48497854077253	89.48497854077253	89.48497854077253	89.48497854077253	89.27038626609442	89.27038626609442	89.27038626609442	89.27038626609442	89.27038626609442	89.27038626609442	89.27038626609442	89.27038626609442	89.05579399141631	89.05579399141631	89.05579399141631	89.05579399141631	89.27038626609442	89.27038626609442	89.48497854077253	89.48497854077253	89.48497854077253	89.48497854077253	89.48497854077253	89.27038626609442	89.27038626609442	89.05579399141631	89.05579399141631	89.05579399141631	89.27038626609442	89.27038626609442	89.27038626609442	89.27038626609442	89.27038626609442	89.27038626609442	89.69957081545064	89.69957081545064	89.69957081545064	89.69957081545064	89.91416309012875	89.91416309012875
0.36	86.48068669527898	86.69527896995707	86.9098712446352	86.9098712446352	86.9098712446352	86.9098712446352	86.9098712446352	86.9098712446352	86.9098712446352	87.1244635193133	87.1244635193133	87.33905579399142	87.33905579399142	87.33905579399142	87.33905579399142	87.33905579399142	87.33905579399142	87.55364806866953	87.55364806866953	87.55364806866953	87.55364806866953	87.55364806866953	87.55364806866953	87.55364806866953	87.55364806866953	87.55364806866953	87.76824034334764	87.76824034334764	87.98283261802575	87.98283261802575	88.19742489270385	88.19742489270385	88.19742489270385	88.19742489270385	88.19742489270385	88.41201716738198	88.19742489270385	88.19742489270385	88.19742489270385	88.19742489270385	88.19742489270385	88.41201716738198	88.41201716738198	88.41201716738198	88.62660944206009	88.62660944206009	88.62660944206009	88.62660944206009	88.62660944206009	88.62660944206009	88.62660944206009	88.8412017167382	88.8412017167382	89.05579399141631	89.05579399141631	89.48497854077253	89.48497854077253	89.69957081545064	89.69957081545064	89.69957081545064	89.69957081545064	89.69957081545064	89.69957081545064	89.69957081545064	89.69957081545064	89.69957081545064	89.69957081545064	89.69957081545064	89.69957081545064	89.27038626609442	89.27038626609442	89.48497854077253	89.48497854077253	89.69957081545064	89.69957081545064	89.48497854077253	89.48497854077253	89.48497854077253	89.48497854077253	89.48497854077253	89.48497854077253	89.48497854077253	89.27038626609442	89.48497854077253	89.48497854077253	89.48497854077253	89.48497854077253	89.48497854077253	89.69957081545064	89.91416309012875	89.91416309012875	89.91416309012875	89.91416309012875	89.91416309012875	89.91416309012875	90.12875536480686	89.91416309012875	89.69957081545064	89.69957081545064	89.69957081545064	89.69957081545064
0.37	86.9098712446352	86.9098712446352	86.9098712446352	87.1244635193133	87.33905579399142	87.33905579399142	87.33905579399142	87.33905579399142	87.33905579399142	87.55364806866953	87.55364806866953	87.55364806866953	87.55364806866953	87.55364806866953	87.55364806866953	87.55364806866953	87.55364806866953	87.55364806866953	87.76824034334764	87.76824034334764	87.76824034334764	87.76824034334764	87.76824034334764	87.98283261802575	87.98283261802575	88.19742489270385	88.19742489270385	88.19742489270385	88.19742489270385	88.19742489270385	88.41201716738198	88.19742489270385	88.19742489270385	88.41201716738198	88.41201716738198	88.41201716738198	88.41201716738198	88.41201716738198	88.41201716738198	88.41201716738198	88.41201716738198	88.41201716738198	88.41201716738198	88.41201716738198	88.62660944206009	88.62660944206009	88.62660944206009	88.62660944206009	88.62660944206009	89.05579399141631	89.05579399141631	89.48497854077253	89.48497854077253	89.69957081545064	89.69957081545064	89.69957081545064	89.69957081545064	89.69957081545064	89.69957081545064	89.69957081545064	89.69957081545064	89.69957081545064	89.69957081545064	89.69957081545064	89.48497854077253	89.48497854077253	89.48497854077253	89.48497854077253	89.69957081545064	89.69957081545064	89.69957081545064	89.69957081545064	89.91416309012875	89.69957081545064	89.48497854077253	89.48497854077253	89.48497854077253	89.48497854077253	89.48497854077253	89.48497854077253	89.48497854077253	89.48497854077253	89.69957081545064	89.69957081545064	89.48497854077253	89.48497854077253	89.48497854077253	89.48497854077253	89.48497854077253	89.48497854077253	89.48497854077253	89.69957081545064	89.69957081545064	89.69957081545064	89.69957081545064	89.69957081545064	89.69957081545064	89.69957081545064	89.69957081545064	89.69957081545064	89.69957081545064
0.38	87.33905579399142	87.55364806866953	87.55364806866953	87.55364806866953	87.55364806866953	87.55364806866953	87.55364806866953	87.55364806866953	87.55364806866953	87.76824034334764	87.76824034334764	87.76824034334764	87.76824034334764	87.76824034334764	87.76824034334764	87.76824034334764	87.76824034334764	87.76824034334764	87.76824034334764	87.98283261802575	87.98283261802575	88.19742489270385	88.19742489270385	88.19742489270385	88.41201716738198	88.19742489270385	88.41201716738198	88.41201716738198	88.41201716738198	88.41201716738198	88.41201716738198	88.41201716738198	88.41201716738198	88.41201716738198	88.41201716738198	88.41201716738198	88.41201716738198	88.41201716738198	88.41201716738198	88.41201716738198	88.41201716738198	88.41201716738198	88.41201716738198	88.41201716738198	88.62660944206009	88.8412017167382	89.05579399141631	89.27038626609442	89.27038626609442	89.48497854077253	89.48497854077253	89.48497854077253	89.69957081545064	89.69957081545064	89.69957081545064	89.69957081545064	89.69957081545064	89.48497854077253	89.48497854077253	89.48497854077253	89.27038626609442	89.48497854077253	89.48497854077253	89.69957081545064	89.69957081545064	89.69957081545064	89.69957081545064	89.91416309012875	89.91416309012875	89.69957081545064	89.69957081545064	89.69957081545064	89.69957081545064	89.27038626609442	89.27038626609442	89.27038626609442	89.05579399141631	89.27038626609442	89.48497854077253	89.48497854077253	89.48497854077253	89.48497854077253	89.48497854077253	89.48497854077253	89.48497854077253	89.48497854077253	89.48497854077253	89.69957081545064	89.69957081545064	89.69957081545064	89.69957081545064	89.69957081545064	89.69957081545064	89.69957081545064	89.69957081545064	89.69957081545064	89.69957081545064	89.69957081545064	89.69957081545064	89.69957081545064	89.69957081545064
0.39	87.55364806866953	87.76824034334764	87.76824034334764	87.76824034334764	87.76824034334764	87.76824034334764	87.76824034334764	87.76824034334764	87.76824034334764	87.76824034334764	87.76824034334764	87.76824034334764	87.76824034334764	87.76824034334764	87.76824034334764	87.98283261802575	88.19742489270385	88.41201716738198	88.41201716738198	88.41201716738198	88.19742489270385	88.19742489270385	88.41201716738198	88.41201716738198	88.41201716738198	88.41201716738198	88.41201716738198	88.41201716738198	88.41201716738198	88.41201716738198	88.41201716738198	88.41201716738198	88.41201716738198	88.41201716738198	88.41201716738198	88.41201716738198	88.41201716738198	88.41201716738198	88.41201716738198	88.62660944206009	88.62660944206009	88.62660944206009	88.62660944206009	89.05579399141631	89.05579399141631	89.27038626609442	89.48497854077253	89.48497854077253	89.48497854077253	89.27038626609442	89.27038626609442	89.27038626609442	89.48497854077253	89.48497854077253	89.48497854077253	89.48497854077253	89.48497854077253	89.48497854077253	89.69957081545064	89.69957081545064	89.69957081545064	89.48497854077253	89.48497854077253	89.48497854077253	89.48497854077253	89.27038626609442	89.27038626609442	89.48497854077253	89.48497854077253	89.27038626609442	89.27038626609442	89.27038626609442	89.48497854077253	89.69957081545064	89.69957081545064	89.69957081545064	89.69957081545064	89.69957081545064	89.69957081545064	89.48497854077253	89.48497854077253	89.48497854077253	89.48497854077253	89.69957081545064	89.69957081545064	89.69957081545064	89.69957081545064	89.69957081545064	89.69957081545064	89.69957081545064	89.69957081545064	89.69957081545064	89.69957081545064	89.69957081545064	89.69957081545064	89.69957081545064	89.69957081545064	89.69957081545064	89.69957081545064	89.69957081545064	89.69957081545064
0.4	87.76824034334764	87.76824034334764	87.76824034334764	87.76824034334764	87.76824034334764	87.76824034334764	87.76824034334764	87.76824034334764	87.76824034334764	87.98283261802575	87.98283261802575	88.19742489270385	88.41201716738198	88.41201716738198	88.41201716738198	88.19742489270385	88.19742489270385	88.19742489270385	88.41201716738198	88.41201716738198	88.41201716738198	88.41201716738198	88.41201716738198	88.41201716738198	88.41201716738198	88.41201716738198	88.41201716738198	88.41201716738198	88.41201716738198	88.41201716738198	88.41201716738198	88.41201716738198	88.41201716738198	88.41201716738198	88.62660944206009	88.62660944206009	88.62660944206009	88.62660944206009	88.62660944206009	88.62660944206009	89.05579399141631	89.05579399141631	88.8412017167382	89.05579399141631	89.05579399141631	89.27038626609442	89.27038626609442	89.27038626609442	89.27038626609442	89.27038626609442	89.05579399141631	89.27038626609442	89.27038626609442	89.27038626609442	89.27038626609442	89.27038626609442	89.27038626609442	89.27038626609442	89.48497854077253	89.48497854077253	89.48497854077253	89.27038626609442	89.48497854077253	89.48497854077253	89.48497854077253	89.27038626609442	89.27038626609442	89.48497854077253	89.48497854077253	89.69957081545064	89.69957081545064	89.69957081545064	89.69957081545064	89.69957081545064	89.69957081545064	89.69957081545064	89.69957081545064	89.69957081545064	89.69957081545064	89.91416309012875	89.91416309012875	89.91416309012875	89.91416309012875	89.69957081545064	89.69957081545064	89.69957081545064	89.69957081545064	89.69957081545064	89.69957081545064	89.69957081545064	89.48497854077253	89.48497854077253	89.48497854077253	89.48497854077253	89.48497854077253	89.48497854077253	89.48497854077253	89.48497854077253	89.48497854077253	89.48497854077253	89.69957081545064
0.41	87.76824034334764	87.76824034334764	87.98283261802575	87.98283261802575	87.98283261802575	87.98283261802575	87.98283261802575	88.19742489270385	88.41201716738198	88.41201716738198	88.19742489270385	88.19742489270385	88.19742489270385	88.19742489270385	88.41201716738198	88.41201716738198	88.41201716738198	88.41201716738198	88.41201716738198	88.41201716738198	88.41201716738198	88.41201716738198	88.41201716738198	88.41201716738198	88.41201716738198	88.41201716738198	88.41201716738198	88.41201716738198	88.41201716738198	88.41201716738198	88.62660944206009	88.62660944206009	88.62660944206009	88.62660944206009	88.41201716738198	88.41201716738198	88.41201716738198	88.8412017167382	88.8412017167382	89.05579399141631	88.8412017167382	88.8412017167382	88.8412017167382	88.8412017167382	88.8412017167382	88.8412017167382	88.8412017167382	89.05579399141631	89.05579399141631	89.05579399141631	89.05579399141631	89.05579399141631	89.27038626609442	89.48497854077253	89.48497854077253	89.48497854077253	89.48497854077253	89.48497854077253	89.48497854077253	89.48497854077253	89.48497854077253	89.48497854077253	89.48497854077253	89.48497854077253	89.69957081545064	89.69957081545064	89.69957081545064	89.69957081545064	89.69957081545064	89.69957081545064	89.69957081545064	89.69957081545064	89.69957081545064	89.69957081545064	89.69957081545064	89.69957081545064	89.91416309012875	89.69957081545064	89.69957081545064	89.69957081545064	89.69957081545064	89.69957081545064	89.69957081545064	89.69957081545064	89.69957081545064	89.69957081545064	89.48497854077253	89.48497854077253	89.48497854077253	89.48497854077253	89.48497854077253	89.48497854077253	89.48497854077253	89.48497854077253	89.48497854077253	89.48497854077253	89.48497854077253	89.69957081545064	89.48497854077253	89.48497854077253	89.48497854077253
0.42	87.98283261802575	87.98283261802575	87.98283261802575	88.19742489270385	88.41201716738198	88.41201716738198	88.19742489270385	88.19742489270385	88.19742489270385	88.19742489270385	88.19742489270385	88.41201716738198	88.41201716738198	88.41201716738198	88.41201716738198	88.41201716738198	88.41201716738198	88.41201716738198	88.41201716738198	88.41201716738198	88.41201716738198	88.41201716738198	88.41201716738198	88.41201716738198	88.41201716738198	88.62660944206009	88.62660944206009	88.41201716738198	88.41201716738198	88.41201716738198	88.41201716738198	88.19742489270385	88.19742489270385	88.41201716738198	88.62660944206009	88.62660944206009	88.8412017167382	88.62660944206009	88.62660944206009	88.62660944206009	88.62660944206009	88.62660944206009	88.8412017167382	88.8412017167382	89.27038626609442	89.05579399141631	89.05579399141631	89.05579399141631	89.05579399141631	89.27038626609442	89.27038626609442	89.27038626609442	89.48497854077253	89.69957081545064	89.48497854077253	89.48497854077253	89.48497854077253	89.69957081545064	89.48497854077253	89.48497854077253	89.69957081545064	89.69957081545064	89.69957081545064	89.69957081545064	89.69957081545064	89.48497854077253	89.48497854077253	89.48497854077253	89.48497854077253	89.48497854077253	89.48497854077253	89.48497854077253	89.69957081545064	89.69957081545064	89.69957081545064	89.69957081545064	89.69957081545064	89.69957081545064	89.69957081545064	89.69957081545064	89.69957081545064	89.69957081545064	89.69957081545064	89.69957081545064	89.69957081545064	89.69957081545064	89.69957081545064	89.69957081545064	89.48497854077253	89.27038626609442	89.27038626609442	89.27038626609442	89.27038626609442	89.27038626609442	89.27038626609442	89.48497854077253	89.48497854077253	89.48497854077253	89.48497854077253	89.48497854077253	89.48497854077253
0.43	88.19742489270385	88.19742489270385	88.19742489270385	88.19742489270385	88.19742489270385	88.19742489270385	88.19742489270385	88.19742489270385	88.41201716738198	88.41201716738198	88.41201716738198	88.41201716738198	88.41201716738198	88.41201716738198	88.41201716738198	88.41201716738198	88.41201716738198	88.41201716738198	88.41201716738198	88.41201716738198	88.19742489270385	88.41201716738198	88.19742489270385	88.19742489270385	88.19742489270385	88.19742489270385	88.19742489270385	88.19742489270385	88.19742489270385	88.19742489270385	88.41201716738198	88.41201716738198	88.41201716738198	88.41201716738198	88.62660944206009	88.62660944206009	88.62660944206009	88.62660944206009	88.8412017167382	88.8412017167382	89.05579399141631	89.05579399141631	88.8412017167382	88.8412017167382	89.05579399141631	89.27038626609442	89.27038626609442	89.27038626609442	89.27038626609442	89.48497854077253	89.27038626609442	89.27038626609442	89.48497854077253	89.69957081545064	89.48497854077253	89.48497854077253	89.48497854077253	89.48497854077253	89.48497854077253	89.48497854077253	89.48497854077253	89.48497854077253	89.48497854077253	89.48497854077253	89.48497854077253	89.48497854077253	89.48497854077253	89.48497854077253	89.48497854077253	89.69957081545064	89.69957081545064	89.69957081545064	89.69957081545064	89.69957081545064	89.69957081545064	89.69957081545064	89.69957081545064	89.69957081545064	89.69957081545064	89.69957081545064	89.48497854077253	89.48497854077253	89.48497854077253	89.48497854077253	89.48497854077253	89.48497854077253	89.48497854077253	89.48497854077253	89.48497854077253	89.48497854077253	89.48497854077253	89.27038626609442	89.48497854077253	89.48497854077253	89.48497854077253	89.48497854077253	89.48497854077253	89.27038626609442	89.27038626609442	89.27038626609442	89.27038626609442
0.44	88.19742489270385	88.19742489270385	88.19742489270385	88.19742489270385	88.41201716738198	88.41201716738198	88.41201716738198	88.41201716738198	88.41201716738198	88.41201716738198	88.41201716738198	88.41201716738198	88.41201716738198	88.19742489270385	87.98283261802575	87.98283261802575	87.98283261802575	88.19742489270385	88.19742489270385	88.19742489270385	88.19742489270385	88.19742489270385	88.19742489270385	88.19742489270385	88.19742489270385	87.98283261802575	87.98283261802575	87.98283261802575	88.19742489270385	88.41201716738198	88.41201716738198	88.62660944206009	88.62660944206009	88.62660944206009	88.8412017167382	88.8412017167382	89.05579399141631	89.05579399141631	89.05579399141631	88.8412017167382	88.8412017167382	89.05579399141631	89.05579399141631	88.8412017167382	89.05579399141631	89.27038626609442	89.27038626609442	89.05579399141631	89.05579399141631	89.27038626609442	89.27038626609442	89.48497854077253	89.27038626609442	89.48497854077253	89.48497854077253	89.48497854077253	89.48497854077253	89.48497854077253	89.48497854077253	89.48497854077253	89.48497854077253	89.48497854077253	89.48497854077253	89.48497854077253	89.48497854077253	89.69957081545064	89.69957081545064	89.69957081545064	89.69957081545064	89.69957081545064	89.69957081545064	89.48497854077253	89.48497854077253	89.48497854077253	89.48497854077253	89.48497854077253	89.48497854077253	89.48497854077253	89.48497854077253	89.48497854077253	89.48497854077253	89.48497854077253	89.48497854077253	89.48497854077253	89.48497854077253	89.48497854077253	89.48497854077253	89.48497854077253	89.48497854077253	89.48497854077253	89.69957081545064	89.48497854077253	89.48497854077253	89.48497854077253	89.27038626609442	89.27038626609442	89.27038626609442	89.27038626609442	89.27038626609442	89.27038626609442	89.27038626609442
0.45	88.19742489270385	88.41201716738198	88.41201716738198	88.41201716738198	88.41201716738198	88.41201716738198	88.19742489270385	87.98283261802575	87.98283261802575	87.98283261802575	87.98283261802575	87.98283261802575	87.98283261802575	87.98283261802575	88.19742489270385	88.19742489270385	88.19742489270385	88.19742489270385	88.19742489270385	88.19742489270385	87.98283261802575	87.98283261802575	87.98283261802575	87.98283261802575	87.98283261802575	88.19742489270385	88.41201716738198	88.41201716738198	88.62660944206009	88.62660944206009	88.62660944206009	88.8412017167382	88.8412017167382	88.8412017167382	88.8412017167382	88.8412017167382	88.62660944206009	88.8412017167382	88.8412017167382	88.8412017167382	88.8412017167382	89.05579399141631	89.05579399141631	89.27038626609442	89.05579399141631	89.27038626609442	89.27038626609442	89.27038626609442	89.48497854077253	89.27038626609442	89.27038626609442	89.27038626609442	89.27038626609442	89.48497854077253	89.48497854077253	89.48497854077253	89.48497854077253	89.48497854077253	89.48497854077253	89.48497854077253	89.48497854077253	89.48497854077253	89.69957081545064	89.48497854077253	89.48497854077253	89.48497854077253	89.48497854077253	89.48497854077253	89.48497854077253	89.48497854077253	89.48497854077253	89.48497854077253	89.48497854077253	89.48497854077253	89.48497854077253	89.48497854077253	89.48497854077253	89.48497854077253	89.48497854077253	89.48497854077253	89.48497854077253	89.48497854077253	89.48497854077253	89.48497854077253	89.48497854077253	89.48497854077253	89.27038626609442	89.27038626609442	89.48497854077253	89.48497854077253	89.48497854077253	89.48497854077253	89.48497854077253	89.48497854077253	89.48497854077253	89.48497854077253	89.27038626609442	89.27038626609442	89.27038626609442	89.27038626609442	89.05579399141631
0.46	87.98283261802575	87.76824034334764	87.76824034334764	87.76824034334764	87.76824034334764	87.76824034334764	87.76824034334764	87.76824034334764	87.76824034334764	87.76824034334764	87.98283261802575	87.98283261802575	87.98283261802575	87.98283261802575	87.98283261802575	87.76824034334764	87.76824034334764	87.76824034334764	87.76824034334764	87.76824034334764	87.76824034334764	87.76824034334764	87.98283261802575	87.98283261802575	87.98283261802575	87.98283261802575	88.19742489270385	88.41201716738198	88.41201716738198	88.62660944206009	88.62660944206009	88.62660944206009	88.62660944206009	88.8412017167382	88.62660944206009	88.62660944206009	88.62660944206009	88.8412017167382	88.8412017167382	88.8412017167382	88.8412017167382	88.8412017167382	88.8412017167382	89.05579399141631	89.27038626609442	89.27038626609442	89.05579399141631	89.05579399141631	89.05579399141631	89.05579399141631	89.05579399141631	89.05579399141631	89.05579399141631	89.27038626609442	89.27038626609442	89.05579399141631	89.05579399141631	89.05579399141631	89.05579399141631	89.27038626609442	89.27038626609442	89.27038626609442	89.27038626609442	89.27038626609442	89.27038626609442	89.27038626609442	89.27038626609442	89.27038626609442	89.27038626609442	89.27038626609442	89.27038626609442	89.27038626609442	89.27038626609442	89.27038626609442	89.27038626609442	89.27038626609442	89.27038626609442	89.27038626609442	89.27038626609442	89.27038626609442	89.27038626609442	89.05579399141631	89.05579399141631	89.05579399141631	89.05579399141631	89.05579399141631	89.27038626609442	89.27038626609442	89.27038626609442	89.27038626609442	89.27038626609442	89.27038626609442	89.27038626609442	89.27038626609442	89.27038626609442	89.27038626609442	89.05579399141631	89.05579399141631	88.62660944206009	88.62660944206009	88.62660944206009
0.47	87.76824034334764	87.76824034334764	87.76824034334764	87.76824034334764	87.76824034334764	87.76824034334764	87.76824034334764	87.98283261802575	87.98283261802575	87.98283261802575	87.98283261802575	87.76824034334764	87.76824034334764	87.76824034334764	87.55364806866953	87.55364806866953	87.55364806866953	87.55364806866953	87.55364806866953	87.55364806866953	87.76824034334764	87.76824034334764	87.98283261802575	88.19742489270385	88.41201716738198	88.41201716738198	88.62660944206009	88.62660944206009	88.62660944206009	88.62660944206009	88.8412017167382	88.62660944206009	88.62660944206009	88.8412017167382	88.8412017167382	88.8412017167382	88.8412017167382	89.05579399141631	88.8412017167382	88.8412017167382	89.05579399141631	89.05579399141631	89.27038626609442	89.05579399141631	89.05579399141631	89.05579399141631	89.05579399141631	88.8412017167382	88.8412017167382	88.8412017167382	88.8412017167382	88.8412017167382	88.8412017167382	89.05579399141631	89.05579399141631	89.05579399141631	89.27038626609442	89.27038626609442	89.27038626609442	89.27038626609442	89.27038626609442	89.27038626609442	89.27038626609442	89.27038626609442	89.27038626609442	89.27038626609442	89.27038626609442	89.27038626609442	89.27038626609442	89.27038626609442	89.27038626609442	89.27038626609442	89.27038626609442	89.27038626609442	89.27038626609442	89.05579399141631	89.05579399141631	89.05579399141631	89.05579399141631	89.05579399141631	89.05579399141631	89.05579399141631	89.05579399141631	89.05579399141631	89.27038626609442	89.27038626609442	89.27038626609442	89.27038626609442	89.27038626609442	89.27038626609442	89.27038626609442	89.05579399141631	89.05579399141631	88.8412017167382	88.8412017167382	89.05579399141631	89.05579399141631	89.05579399141631	89.05579399141631	89.05579399141631	88.62660944206009
0.48	87.76824034334764	87.76824034334764	87.76824034334764	87.98283261802575	87.98283261802575	87.98283261802575	87.76824034334764	87.76824034334764	87.55364806866953	87.55364806866953	87.55364806866953	87.55364806866953	87.55364806866953	87.55364806866953	87.55364806866953	87.55364806866953	87.55364806866953	87.76824034334764	87.76824034334764	87.76824034334764	88.19742489270385	88.41201716738198	88.62660944206009	88.62660944206009	88.62660944206009	88.62660944206009	88.8412017167382	88.8412017167382	88.62660944206009	88.62660944206009	88.8412017167382	88.8412017167382	88.8412017167382	88.8412017167382	89.05579399141631	88.8412017167382	88.8412017167382	89.05579399141631	89.05579399141631	89.05579399141631	88.62660944206009	88.8412017167382	88.8412017167382	88.8412017167382	88.8412017167382	88.8412017167382	88.8412017167382	88.8412017167382	88.8412017167382	88.8412017167382	88.8412017167382	88.8412017167382	89.05579399141631	89.27038626609442	89.27038626609442	89.27038626609442	89.27038626609442	89.27038626609442	89.27038626609442	89.27038626609442	89.27038626609442	89.27038626609442	89.27038626609442	89.27038626609442	89.27038626609442	89.27038626609442	89.27038626609442	89.27038626609442	89.27038626609442	89.27038626609442	89.27038626609442	89.05579399141631	89.05579399141631	89.05579399141631	89.05579399141631	89.05579399141631	89.05579399141631	89.05579399141631	89.05579399141631	89.05579399141631	89.05579399141631	89.05579399141631	89.27038626609442	89.27038626609442	89.27038626609442	89.05579399141631	89.05579399141631	89.05579399141631	89.05579399141631	89.05579399141631	89.05579399141631	89.05579399141631	89.05579399141631	89.05579399141631	89.05579399141631	89.05579399141631	89.05579399141631	88.8412017167382	88.8412017167382	88.8412017167382	88.8412017167382
0.49	87.55364806866953	87.55364806866953	87.55364806866953	87.76824034334764	87.76824034334764	87.55364806866953	87.55364806866953	87.55364806866953	87.55364806866953	87.55364806866953	87.55364806866953	87.55364806866953	87.55364806866953	87.55364806866953	87.55364806866953	87.76824034334764	87.76824034334764	87.98283261802575	88.19742489270385	88.62660944206009	88.62660944206009	88.62660944206009	88.62660944206009	88.8412017167382	88.8412017167382	88.8412017167382	88.62660944206009	88.8412017167382	88.8412017167382	88.8412017167382	89.05579399141631	89.05579399141631	89.05579399141631	88.62660944206009	88.8412017167382	88.8412017167382	88.8412017167382	88.8412017167382	88.62660944206009	88.62660944206009	88.62660944206009	88.8412017167382	88.8412017167382	88.8412017167382	88.8412017167382	88.8412017167382	88.8412017167382	88.8412017167382	88.8412017167382	89.05579399141631	89.05579399141631	89.05579399141631	89.05579399141631	89.27038626609442	89.27038626609442	89.27038626609442	89.27038626609442	89.27038626609442	89.27038626609442	89.27038626609442	89.27038626609442	89.27038626609442	89.27038626609442	89.27038626609442	89.27038626609442	89.27038626609442	89.05579399141631	89.05579399141631	89.05579399141631	89.05579399141631	89.05579399141631	89.05579399141631	89.05579399141631	89.05579399141631	89.05579399141631	89.05579399141631	89.05579399141631	89.05579399141631	89.05579399141631	88.8412017167382	89.05579399141631	89.05579399141631	89.05579399141631	89.05579399141631	89.05579399141631	89.27038626609442	89.27038626609442	89.05579399141631	89.05579399141631	89.05579399141631	89.05579399141631	89.05579399141631	89.05579399141631	88.8412017167382	88.62660944206009	88.62660944206009	88.62660944206009	88.62660944206009	88.62660944206009	88.62660944206009	88.62660944206009
0.5	87.33905579399142	87.33905579399142	87.33905579399142	87.1244635193133	87.33905579399142	87.33905579399142	87.33905579399142	87.33905579399142	87.33905579399142	87.55364806866953	87.55364806866953	87.55364806866953	87.55364806866953	87.76824034334764	87.98283261802575	87.98283261802575	88.41201716738198	88.62660944206009	88.62660944206009	88.62660944206009	88.8412017167382	88.8412017167382	88.8412017167382	89.05579399141631	88.8412017167382	88.8412017167382	88.8412017167382	88.8412017167382	88.8412017167382	88.8412017167382	88.62660944206009	88.8412017167382	88.8412017167382	88.8412017167382	88.8412017167382	88.62660944206009	88.62660944206009	88.62660944206009	88.62660944206009	88.62660944206009	88.8412017167382	88.8412017167382	88.8412017167382	88.8412017167382	88.8412017167382	88.8412017167382	89.05579399141631	89.05579399141631	89.05579399141631	89.05579399141631	89.05579399141631	89.05579399141631	89.05579399141631	89.27038626609442	89.27038626609442	89.27038626609442	89.27038626609442	89.27038626609442	89.27038626609442	89.27038626609442	89.27038626609442	89.27038626609442	89.05579399141631	89.05579399141631	89.05579399141631	89.05579399141631	89.05579399141631	89.05579399141631	89.05579399141631	89.05579399141631	89.05579399141631	89.05579399141631	89.05579399141631	89.05579399141631	88.8412017167382	88.8412017167382	88.8412017167382	88.8412017167382	89.05579399141631	89.05579399141631	89.05579399141631	89.27038626609442	89.27038626609442	89.27038626609442	89.05579399141631	89.05579399141631	89.05579399141631	88.8412017167382	88.8412017167382	88.8412017167382	88.62660944206009	88.62660944206009	88.62660944206009	88.62660944206009	88.62660944206009	88.62660944206009	88.62660944206009	88.8412017167382	88.8412017167382	88.8412017167382	88.8412017167382
0.51	86.9098712446352	86.9098712446352	86.9098712446352	86.9098712446352	86.9098712446352	86.9098712446352	86.9098712446352	86.9098712446352	86.9098712446352	86.9098712446352	87.1244635193133	87.55364806866953	87.55364806866953	87.76824034334764	87.98283261802575	88.41201716738198	88.62660944206009	88.8412017167382	88.8412017167382	88.8412017167382	88.8412017167382	88.62660944206009	88.62660944206009	88.62660944206009	88.8412017167382	88.8412017167382	88.8412017167382	88.8412017167382	88.8412017167382	88.8412017167382	88.8412017167382	88.8412017167382	88.8412017167382	88.62660944206009	88.62660944206009	88.62660944206009	88.62660944206009	88.62660944206009	88.62660944206009	88.8412017167382	88.8412017167382	88.8412017167382	88.8412017167382	89.05579399141631	89.05579399141631	89.05579399141631	89.05579399141631	89.05579399141631	89.05579399141631	89.05579399141631	89.05579399141631	89.05579399141631	89.05579399141631	89.05579399141631	89.27038626609442	89.27038626609442	89.27038626609442	89.05579399141631	89.05579399141631	89.05579399141631	89.05579399141631	89.05579399141631	89.05579399141631	89.05579399141631	89.05579399141631	89.05579399141631	89.05579399141631	89.05579399141631	88.8412017167382	88.8412017167382	88.8412017167382	88.8412017167382	88.8412017167382	88.8412017167382	88.8412017167382	88.8412017167382	89.05579399141631	89.27038626609442	89.27038626609442	89.27038626609442	89.05579399141631	88.8412017167382	88.8412017167382	88.8412017167382	88.8412017167382	88.8412017167382	88.8412017167382	88.62660944206009	88.62660944206009	88.62660944206009	88.62660944206009	88.62660944206009	88.62660944206009	88.8412017167382	88.8412017167382	88.8412017167382	88.8412017167382	88.8412017167382	88.8412017167382	88.8412017167382	88.8412017167382
0.52	86.69527896995707	86.69527896995707	86.69527896995707	86.69527896995707	86.69527896995707	86.69527896995707	86.69527896995707	86.9098712446352	87.1244635193133	87.33905579399142	87.55364806866953	87.55364806866953	87.76824034334764	87.98283261802575	87.98283261802575	88.19742489270385	88.19742489270385	88.41201716738198	88.41201716738198	88.19742489270385	88.19742489270385	88.62660944206009	88.62660944206009	88.62660944206009	88.62660944206009	88.8412017167382	88.62660944206009	88.62660944206009	88.62660944206009	88.62660944206009	88.62660944206009	88.62660944206009	88.62660944206009	88.62660944206009	88.62660944206009	88.62660944206009	88.62660944206009	88.62660944206009	88.8412017167382	88.8412017167382	89.05579399141631	89.05579399141631	89.05579399141631	89.05579399141631	89.05579399141631	89.05579399141631	89.05579399141631	89.05579399141631	89.05579399141631	89.05579399141631	89.05579399141631	89.05579399141631	89.05579399141631	88.8412017167382	89.05579399141631	89.05579399141631	89.05579399141631	89.05579399141631	89.05579399141631	89.05579399141631	89.05579399141631	89.05579399141631	89.05579399141631	88.8412017167382	88.8412017167382	88.8412017167382	88.8412017167382	88.8412017167382	88.8412017167382	88.8412017167382	88.8412017167382	88.8412017167382	89.05579399141631	88.8412017167382	88.8412017167382	89.05579399141631	89.05579399141631	89.05579399141631	88.8412017167382	88.8412017167382	88.8412017167382	88.8412017167382	88.8412017167382	88.8412017167382	88.62660944206009	88.62660944206009	88.62660944206009	88.62660944206009	88.62660944206009	88.8412017167382	88.8412017167382	88.8412017167382	88.8412017167382	88.8412017167382	88.8412017167382	88.8412017167382	88.8412017167382	88.8412017167382	88.8412017167382	88.8412017167382	88.62660944206009
0.53	86.9098712446352	86.9098712446352	86.9098712446352	86.9098712446352	86.9098712446352	87.1244635193133	87.1244635193133	87.55364806866953	87.33905579399142	87.33905579399142	87.55364806866953	87.98283261802575	88.19742489270385	88.19742489270385	88.41201716738198	88.41201716738198	88.41201716738198	88.19742489270385	88.41201716738198	88.41201716738198	88.62660944206009	88.62660944206009	88.8412017167382	88.62660944206009	88.62660944206009	88.62660944206009	88.62660944206009	88.8412017167382	88.62660944206009	88.62660944206009	88.62660944206009	88.62660944206009	88.62660944206009	88.62660944206009	88.62660944206009	88.62660944206009	88.62660944206009	89.05579399141631	89.05579399141631	89.05579399141631	89.05579399141631	89.05579399141631	89.05579399141631	89.05579399141631	89.05579399141631	89.05579399141631	89.27038626609442	89.27038626609442	89.27038626609442	89.05579399141631	89.05579399141631	89.05579399141631	89.05579399141631	89.05579399141631	89.27038626609442	89.27038626609442	89.27038626609442	89.27038626609442	89.05579399141631	89.05579399141631	89.05579399141631	89.05579399141631	89.05579399141631	89.05579399141631	89.05579399141631	89.05579399141631	88.8412017167382	88.8412017167382	89.05579399141631	89.05579399141631	89.05579399141631	89.05579399141631	89.05579399141631	89.27038626609442	89.27038626609442	89.05579399141631	89.05579399141631	89.05579399141631	89.05579399141631	89.05579399141631	89.05579399141631	88.8412017167382	88.8412017167382	88.8412017167382	88.8412017167382	89.05579399141631	89.05579399141631	89.05579399141631	89.05579399141631	89.05579399141631	89.05579399141631	89.05579399141631	89.05579399141631	89.05579399141631	89.05579399141631	88.8412017167382	88.8412017167382	88.8412017167382	88.8412017167382	88.8412017167382	88.8412017167382
0.54	86.9098712446352	86.9098712446352	86.69527896995707	86.9098712446352	87.1244635193133	87.33905579399142	87.33905579399142	87.33905579399142	87.76824034334764	87.98283261802575	87.98283261802575	87.98283261802575	88.19742489270385	88.19742489270385	88.19742489270385	88.19742489270385	88.19742489270385	88.41201716738198	88.41201716738198	88.62660944206009	88.62660944206009	88.41201716738198	88.41201716738198	88.41201716738198	88.41201716738198	88.62660944206009	88.41201716738198	88.41201716738198	88.41201716738198	88.41201716738198	88.41201716738198	88.41201716738198	88.62660944206009	88.62660944206009	88.62660944206009	88.8412017167382	89.05579399141631	89.05579399141631	89.05579399141631	89.05579399141631	89.05579399141631	89.05579399141631	89.05579399141631	89.05579399141631	89.05579399141631	89.05579399141631	88.8412017167382	88.8412017167382	88.8412017167382	88.8412017167382	88.8412017167382	88.8412017167382	88.8412017167382	88.62660944206009	88.8412017167382	88.8412017167382	88.8412017167382	88.8412017167382	88.8412017167382	89.05579399141631	88.8412017167382	88.8412017167382	88.8412017167382	88.8412017167382	89.05579399141631	89.05579399141631	89.05579399141631	89.05579399141631	89.05579399141631	89.05579399141631	89.05579399141631	89.05579399141631	89.27038626609442	89.05579399141631	89.05579399141631	89.05579399141631	89.05579399141631	89.05579399141631	88.8412017167382	88.8412017167382	88.8412017167382	89.05579399141631	89.05579399141631	89.05579399141631	89.05579399141631	89.05579399141631	89.05579399141631	89.05579399141631	89.05579399141631	89.05579399141631	88.8412017167382	88.8412017167382	88.8412017167382	88.8412017167382	88.8412017167382	88.8412017167382	88.8412017167382	88.8412017167382	88.8412017167382	88.8412017167382	88.62660944206009
0.55	86.48068669527898	86.48068669527898	86.69527896995707	87.1244635193133	87.1244635193133	87.1244635193133	87.33905579399142	87.76824034334764	87.76824034334764	87.98283261802575	87.98283261802575	87.98283261802575	88.19742489270385	87.98283261802575	87.98283261802575	87.98283261802575	87.98283261802575	88.19742489270385	88.19742489270385	87.98283261802575	87.98283261802575	88.19742489270385	88.19742489270385	88.19742489270385	87.98283261802575	87.98283261802575	87.98283261802575	87.98283261802575	87.98283261802575	87.98283261802575	88.19742489270385	88.19742489270385	88.41201716738198	88.41201716738198	88.41201716738198	88.62660944206009	88.62660944206009	88.8412017167382	88.8412017167382	88.8412017167382	88.8412017167382	88.8412017167382	88.62660944206009	88.62660944206009	88.62660944206009	88.62660944206009	88.62660944206009	88.62660944206009	88.62660944206009	88.41201716738198	88.41201716738198	88.41201716738198	88.41201716738198	88.19742489270385	88.41201716738198	88.41201716738198	88.41201716738198	88.41201716738198	88.41201716738198	88.41201716738198	88.62660944206009	88.62660944206009	88.62660944206009	88.62660944206009	88.62660944206009	88.62660944206009	88.62660944206009	88.62660944206009	88.62660944206009	88.62660944206009	88.62660944206009	88.8412017167382	88.8412017167382	88.8412017167382	88.8412017167382	88.62660944206009	88.62660944206009	88.8412017167382	88.8412017167382	88.8412017167382	88.8412017167382	88.8412017167382	88.8412017167382	88.8412017167382	88.8412017167382	88.62660944206009	88.62660944206009	88.62660944206009	88.62660944206009	88.62660944206009	88.62660944206009	88.62660944206009	88.62660944206009	88.62660944206009	88.62660944206009	88.41201716738198	88.41201716738198	88.41201716738198	88.41201716738198	88.41201716738198	88.62660944206009
0.56	86.69527896995707	86.69527896995707	86.9098712446352	87.1244635193133	87.1244635193133	87.33905579399142	87.98283261802575	87.98283261802575	87.98283261802575	88.19742489270385	88.19742489270385	87.98283261802575	87.98283261802575	87.98283261802575	88.19742489270385	88.19742489270385	88.19742489270385	87.98283261802575	87.98283261802575	87.98283261802575	87.98283261802575	87.98283261802575	87.76824034334764	87.76824034334764	87.76824034334764	87.98283261802575	87.98283261802575	87.98283261802575	87.98283261802575	88.19742489270385	88.19742489270385	88.19742489270385	88.19742489270385	88.19742489270385	88.62660944206009	88.62660944206009	88.62660944206009	88.62660944206009	88.41201716738198	88.41201716738198	88.41201716738198	88.41201716738198	88.62660944206009	88.62660944206009	88.41201716738198	88.41201716738198	88.41201716738198	88.19742489270385	88.19742489270385	88.19742489270385	88.19742489270385	88.19742489270385	88.19742489270385	88.19742489270385	88.41201716738198	88.41201716738198	88.62660944206009	88.62660944206009	88.62660944206009	88.62660944206009	88.62660944206009	88.62660944206009	88.62660944206009	88.62660944206009	88.62660944206009	88.62660944206009	88.62660944206009	88.62660944206009	88.41201716738198	88.62660944206009	88.62660944206009	88.62660944206009	88.41201716738198	88.41201716738198	88.62660944206009	88.62660944206009	88.62660944206009	88.62660944206009	88.62660944206009	88.62660944206009	88.41201716738198	88.41201716738198	88.62660944206009	88.62660944206009	88.62660944206009	88.62660944206009	88.62660944206009	88.62660944206009	88.62660944206009	88.62660944206009	88.62660944206009	88.41201716738198	88.41201716738198	88.41201716738198	88.41201716738198	88.41201716738198	88.41201716738198	88.62660944206009	88.62660944206009	88.41201716738198	88.41201716738198
0.57	87.1244635193133	87.1244635193133	87.1244635193133	87.33905579399142	87.76824034334764	87.76824034334764	87.76824034334764	87.98283261802575	87.98283261802575	88.19742489270385	87.98283261802575	87.98283261802575	88.19742489270385	88.19742489270385	88.19742489270385	87.98283261802575	87.98283261802575	87.98283261802575	87.98283261802575	87.98283261802575	87.76824034334764	87.76824034334764	87.76824034334764	87.76824034334764	87.76824034334764	87.76824034334764	87.98283261802575	87.98283261802575	87.98283261802575	88.19742489270385	88.19742489270385	88.19742489270385	88.19742489270385	88.41201716738198	88.41201716738198	88.19742489270385	88.19742489270385	88.19742489270385	88.19742489270385	88.41201716738198	88.19742489270385	87.98283261802575	87.98283261802575	87.98283261802575	87.98283261802575	87.98283261802575	88.19742489270385	88.19742489270385	88.19742489270385	88.19742489270385	88.19742489270385	88.19742489270385	88.19742489270385	88.41201716738198	88.62660944206009	88.62660944206009	88.62660944206009	88.62660944206009	88.62660944206009	88.62660944206009	88.62660944206009	88.62660944206009	88.62660944206009	88.62660944206009	88.62660944206009	88.41201716738198	88.41201716738198	88.41201716738198	88.62660944206009	88.62660944206009	88.62660944206009	88.62660944206009	88.62660944206009	88.62660944206009	88.62660944206009	88.41201716738198	88.41201716738198	88.41201716738198	88.41201716738198	88.41201716738198	88.41201716738198	88.41201716738198	88.41201716738198	88.41201716738198	88.41201716738198	88.41201716738198	88.41201716738198	88.19742489270385	88.19742489270385	88.19742489270385	88.19742489270385	88.19742489270385	88.41201716738198	88.41201716738198	88.41201716738198	88.41201716738198	88.41201716738198	88.41201716738198	88.41201716738198	88.41201716738198	88.41201716738198
0.58	87.33905579399142	87.55364806866953	87.98283261802575	87.98283261802575	88.19742489270385	88.19742489270385	88.19742489270385	88.19742489270385	87.98283261802575	88.19742489270385	88.19742489270385	88.19742489270385	88.41201716738198	88.19742489270385	88.19742489270385	88.19742489270385	88.19742489270385	88.19742489270385	87.98283261802575	87.98283261802575	87.98283261802575	87.98283261802575	87.98283261802575	87.98283261802575	88.19742489270385	88.19742489270385	88.19742489270385	88.19742489270385	88.19742489270385	88.19742489270385	88.19742489270385	88.19742489270385	88.19742489270385	88.41201716738198	88.41201716738198	88.41201716738198	87.98283261802575	87.98283261802575	87.98283261802575	87.98283261802575	87.98283261802575	87.98283261802575	87.98283261802575	88.19742489270385	88.19742489270385	88.19742489270385	88.19742489270385	88.19742489270385	88.19742489270385	88.41201716738198	88.41201716738198	88.62660944206009	88.62660944206009	88.62660944206009	88.8412017167382	88.8412017167382	88.8412017167382	88.8412017167382	88.8412017167382	88.8412017167382	88.8412017167382	88.8412017167382	88.8412017167382	88.62660944206009	88.62660944206009	88.62660944206009	88.8412017167382	88.8412017167382	88.8412017167382	88.8412017167382	88.8412017167382	88.62660944206009	88.62660944206009	88.62660944206009	88.62660944206009	88.62660944206009	88.62660944206009	88.62660944206009	88.62660944206009	88.62660944206009	88.62660944206009	88.62660944206009	88.62660944206009	88.41201716738198	88.41201716738198	88.41201716738198	88.41201716738198	88.41201716738198	88.41201716738198	88.41201716738198	88.19742489270385	88.19742489270385	88.41201716738198	88.41201716738198	88.41201716738198	88.41201716738198	88.41201716738198	88.41201716738198	88.41201716738198	88.62660944206009	88.62660944206009
0.59	87.76824034334764	87.76824034334764	87.98283261802575	87.98283261802575	87.98283261802575	87.98283261802575	87.76824034334764	87.98283261802575	87.98283261802575	87.98283261802575	87.98283261802575	87.98283261802575	87.76824034334764	87.76824034334764	87.98283261802575	87.98283261802575	87.98283261802575	87.76824034334764	87.76824034334764	87.76824034334764	87.76824034334764	87.98283261802575	87.98283261802575	87.98283261802575	87.98283261802575	87.98283261802575	87.98283261802575	87.98283261802575	87.98283261802575	87.76824034334764	87.55364806866953	87.76824034334764	87.55364806866953	87.55364806866953	87.55364806866953	87.55364806866953	87.55364806866953	87.76824034334764	87.76824034334764	87.76824034334764	87.76824034334764	87.76824034334764	87.76824034334764	87.76824034334764	87.76824034334764	87.76824034334764	87.98283261802575	88.19742489270385	88.19742489270385	88.19742489270385	88.19742489270385	88.19742489270385	88.19742489270385	88.19742489270385	88.41201716738198	88.62660944206009	88.62660944206009	88.62660944206009	88.62660944206009	88.62660944206009	88.62660944206009	88.41201716738198	88.41201716738198	88.41201716738198	88.62660944206009	88.62660944206009	88.41201716738198	88.41201716738198	88.41201716738198	88.41201716738198	88.41201716738198	88.41201716738198	88.41201716738198	88.41201716738198	88.41201716738198	88.41201716738198	88.41201716738198	88.41201716738198	88.41201716738198	88.19742489270385	88.19742489270385	88.19742489270385	88.19742489270385	88.19742489270385	88.19742489270385	87.98283261802575	87.98283261802575	87.98283261802575	87.98283261802575	88.19742489270385	88.19742489270385	88.19742489270385	88.19742489270385	88.19742489270385	88.19742489270385	88.19742489270385	88.19742489270385	88.19742489270385	88.41201716738198	88.41201716738198	88.41201716738198
0.6	87.98283261802575	87.98283261802575	87.76824034334764	87.76824034334764	87.76824034334764	87.76824034334764	87.76824034334764	87.76824034334764	87.76824034334764	87.76824034334764	87.55364806866953	87.55364806866953	87.55364806866953	87.55364806866953	87.55364806866953	87.33905579399142	87.33905579399142	87.55364806866953	87.55364806866953	87.76824034334764	87.76824034334764	87.76824034334764	87.76824034334764	87.76824034334764	87.76824034334764	87.55364806866953	87.33905579399142	87.33905579399142	87.1244635193133	87.33905579399142	87.33905579399142	87.33905579399142	87.33905579399142	87.33905579399142	87.33905579399142	87.33905579399142	87.33905579399142	87.33905579399142	87.33905579399142	87.33905579399142	87.33905579399142	87.55364806866953	87.55364806866953	87.76824034334764	87.76824034334764	87.76824034334764	87.76824034334764	87.76824034334764	87.76824034334764	87.76824034334764	87.76824034334764	87.98283261802575	87.98283261802575	87.98283261802575	88.19742489270385	88.19742489270385	88.19742489270385	88.19742489270385	87.98283261802575	88.19742489270385	88.19742489270385	88.41201716738198	87.98283261802575	87.98283261802575	88.19742489270385	88.19742489270385	88.19742489270385	88.19742489270385	88.19742489270385	88.19742489270385	88.19742489270385	88.19742489270385	88.19742489270385	88.19742489270385	88.19742489270385	87.98283261802575	87.98283261802575	87.98283261802575	87.98283261802575	87.98283261802575	87.98283261802575	87.76824034334764	87.76824034334764	87.76824034334764	87.76824034334764	87.76824034334764	87.76824034334764	87.98283261802575	87.98283261802575	87.98283261802575	87.98283261802575	87.98283261802575	87.98283261802575	87.98283261802575	87.98283261802575	87.98283261802575	88.19742489270385	88.19742489270385	88.19742489270385	87.98283261802575	88.19742489270385
0.61	87.98283261802575	87.98283261802575	87.98283261802575	87.98283261802575	87.76824034334764	87.76824034334764	87.76824034334764	87.76824034334764	87.55364806866953	87.55364806866953	87.55364806866953	87.55364806866953	87.55364806866953	87.33905579399142	87.33905579399142	87.33905579399142	87.55364806866953	87.55364806866953	87.55364806866953	87.55364806866953	87.55364806866953	87.55364806866953	87.55364806866953	87.33905579399142	87.1244635193133	87.1244635193133	87.1244635193133	87.1244635193133	87.33905579399142	87.33905579399142	87.33905579399142	87.33905579399142	87.33905579399142	87.33905579399142	87.33905579399142	87.33905579399142	87.33905579399142	87.33905579399142	87.33905579399142	87.33905579399142	87.55364806866953	87.55364806866953	87.55364806866953	87.55364806866953	87.76824034334764	87.76824034334764	87.76824034334764	87.76824034334764	87.76824034334764	87.76824034334764	87.76824034334764	87.76824034334764	87.76824034334764	87.76824034334764	87.98283261802575	88.19742489270385	87.98283261802575	88.19742489270385	87.98283261802575	87.98283261802575	87.76824034334764	87.76824034334764	87.76824034334764	88.19742489270385	88.19742489270385	88.19742489270385	88.19742489270385	88.19742489270385	88.19742489270385	88.19742489270385	88.19742489270385	87.98283261802575	87.98283261802575	87.98283261802575	87.98283261802575	87.98283261802575	87.98283261802575	87.76824034334764	87.76824034334764	87.76824034334764	87.76824034334764	87.76824034334764	87.76824034334764	87.76824034334764	87.98283261802575	87.98283261802575	87.98283261802575	87.98283261802575	87.98283261802575	87.98283261802575	87.98283261802575	87.98283261802575	87.98283261802575	87.98283261802575	88.19742489270385	88.19742489270385	87.98283261802575	87.98283261802575	87.98283261802575	87.98283261802575	87.98283261802575
0.62	88.19742489270385	88.19742489270385	87.98283261802575	87.98283261802575	87.98283261802575	87.76824034334764	87.76824034334764	87.55364806866953	87.55364806866953	87.55364806866953	87.55364806866953	87.55364806866953	87.33905579399142	87.33905579399142	87.33905579399142	87.33905579399142	87.33905579399142	87.33905579399142	87.33905579399142	87.33905579399142	87.1244635193133	86.9098712446352	87.1244635193133	87.1244635193133	87.1244635193133	87.1244635193133	87.1244635193133	87.33905579399142	87.33905579399142	87.33905579399142	87.33905579399142	87.33905579399142	87.33905579399142	87.33905579399142	87.33905579399142	87.33905579399142	87.33905579399142	87.55364806866953	87.55364806866953	87.55364806866953	87.55364806866953	87.55364806866953	87.55364806866953	87.55364806866953	87.55364806866953	87.55364806866953	87.55364806866953	87.55364806866953	87.76824034334764	87.76824034334764	87.76824034334764	87.76824034334764	87.76824034334764	87.76824034334764	87.55364806866953	87.76824034334764	87.76824034334764	87.76824034334764	87.76824034334764	87.76824034334764	87.76824034334764	87.76824034334764	87.98283261802575	87.98283261802575	87.98283261802575	87.98283261802575	87.98283261802575	88.19742489270385	87.98283261802575	87.98283261802575	87.98283261802575	87.98283261802575	87.98283261802575	87.76824034334764	87.76824034334764	87.76824034334764	87.76824034334764	87.76824034334764	87.76824034334764	87.76824034334764	87.76824034334764	87.76824034334764	87.98283261802575	87.98283261802575	87.98283261802575	87.98283261802575	87.98283261802575	87.98283261802575	87.98283261802575	87.98283261802575	87.98283261802575	87.98283261802575	87.98283261802575	87.98283261802575	87.98283261802575	87.98283261802575	87.76824034334764	87.76824034334764	87.76824034334764	87.76824034334764	87.76824034334764
0.63	87.76824034334764	87.76824034334764	87.98283261802575	87.98283261802575	87.98283261802575	87.76824034334764	87.76824034334764	87.55364806866953	87.55364806866953	87.33905579399142	87.1244635193133	87.33905579399142	87.33905579399142	87.33905579399142	87.33905579399142	87.33905579399142	87.33905579399142	86.9098712446352	86.9098712446352	86.9098712446352	86.9098712446352	86.9098712446352	86.9098712446352	86.9098712446352	87.1244635193133	87.33905579399142	87.33905579399142	87.33905579399142	87.33905579399142	87.33905579399142	87.33905579399142	87.33905579399142	87.33905579399142	87.33905579399142	87.55364806866953	87.55364806866953	87.55364806866953	87.55364806866953	87.55364806866953	87.55364806866953	87.55364806866953	87.55364806866953	87.55364806866953	87.55364806866953	87.55364806866953	87.55364806866953	87.55364806866953	87.55364806866953	87.55364806866953	87.55364806866953	87.33905579399142	87.55364806866953	87.55364806866953	87.55364806866953	87.55364806866953	87.55364806866953	87.55364806866953	87.55364806866953	87.55364806866953	87.55364806866953	87.55364806866953	87.76824034334764	87.98283261802575	87.98283261802575	87.76824034334764	87.76824034334764	87.76824034334764	87.76824034334764	87.76824034334764	87.55364806866953	87.55364806866953	87.76824034334764	87.76824034334764	87.76824034334764	87.76824034334764	87.76824034334764	87.76824034334764	87.76824034334764	87.76824034334764	87.76824034334764	87.98283261802575	87.98283261802575	87.98283261802575	87.98283261802575	87.98283261802575	87.98283261802575	87.98283261802575	87.98283261802575	87.98283261802575	87.98283261802575	87.76824034334764	87.98283261802575	87.76824034334764	87.76824034334764	87.55364806866953	87.55364806866953	87.76824034334764	87.76824034334764	87.76824034334764	87.55364806866953	87.55364806866953
0.64	87.55364806866953	87.76824034334764	87.76824034334764	87.76824034334764	87.33905579399142	87.55364806866953	87.55364806866953	87.55364806866953	87.33905579399142	87.33905579399142	87.33905579399142	87.33905579399142	87.33905579399142	87.33905579399142	87.1244635193133	86.9098712446352	86.9098712446352	86.9098712446352	86.9098712446352	86.9098712446352	86.9098712446352	86.9098712446352	86.9098712446352	86.9098712446352	87.1244635193133	87.1244635193133	87.33905579399142	87.33905579399142	87.33905579399142	87.33905579399142	87.33905579399142	87.55364806866953	87.55364806866953	87.55364806866953	87.55364806866953	87.55364806866953	87.55364806866953	87.55364806866953	87.55364806866953	87.55364806866953	87.55364806866953	87.55364806866953	87.55364806866953	87.55364806866953	87.55364806866953	87.55364806866953	87.33905579399142	87.33905579399142	87.33905579399142	87.55364806866953	87.33905579399142	87.33905579399142	87.33905579399142	87.1244635193133	87.33905579399142	87.55364806866953	87.55364806866953	87.55364806866953	87.55364806866953	87.76824034334764	87.76824034334764	87.55364806866953	87.55364806866953	87.55364806866953	87.55364806866953	87.76824034334764	87.55364806866953	87.55364806866953	87.55364806866953	87.55364806866953	87.55364806866953	87.55364806866953	87.55364806866953	87.55364806866953	87.55364806866953	87.76824034334764	87.76824034334764	87.98283261802575	87.98283261802575	87.98283261802575	87.98283261802575	87.98283261802575	87.98283261802575	87.98283261802575	87.98283261802575	87.98283261802575	87.98283261802575	87.76824034334764	87.76824034334764	87.76824034334764	87.55364806866953	87.55364806866953	87.55364806866953	87.33905579399142	87.33905579399142	87.55364806866953	87.55364806866953	87.55364806866953	87.55364806866953	87.55364806866953	87.55364806866953
0.65	87.33905579399142	87.33905579399142	87.1244635193133	87.33905579399142	87.33905579399142	87.33905579399142	87.33905579399142	87.55364806866953	87.55364806866953	87.55364806866953	87.33905579399142	87.1244635193133	86.9098712446352	86.9098712446352	86.9098712446352	86.9098712446352	86.9098712446352	86.9098712446352	86.9098712446352	86.9098712446352	86.9098712446352	86.9098712446352	86.9098712446352	87.1244635193133	87.1244635193133	87.1244635193133	87.1244635193133	87.1244635193133	87.33905579399142	87.55364806866953	87.55364806866953	87.55364806866953	87.55364806866953	87.55364806866953	87.55364806866953	87.55364806866953	87.55364806866953	87.55364806866953	87.55364806866953	87.55364806866953	87.55364806866953	87.55364806866953	87.33905579399142	87.33905579399142	87.33905579399142	87.33905579399142	87.55364806866953	87.55364806866953	87.33905579399142	87.33905579399142	87.33905579399142	87.1244635193133	87.1244635193133	87.1244635193133	87.1244635193133	87.33905579399142	87.33905579399142	87.55364806866953	87.55364806866953	87.55364806866953	87.55364806866953	87.55364806866953	87.33905579399142	87.33905579399142	87.33905579399142	87.33905579399142	87.33905579399142	87.33905579399142	87.33905579399142	87.55364806866953	87.55364806866953	87.55364806866953	87.55364806866953	87.55364806866953	87.55364806866953	87.76824034334764	87.76824034334764	87.76824034334764	87.98283261802575	87.98283261802575	87.98283261802575	87.98283261802575	87.98283261802575	87.98283261802575	87.98283261802575	87.76824034334764	87.33905579399142	87.33905579399142	87.33905579399142	87.33905579399142	87.33905579399142	87.33905579399142	87.33905579399142	87.33905579399142	87.55364806866953	87.55364806866953	87.55364806866953	87.55364806866953	87.55364806866953	87.55364806866953	87.55364806866953
0.66	87.55364806866953	87.33905579399142	87.33905579399142	87.33905579399142	87.55364806866953	87.55364806866953	87.55364806866953	87.33905579399142	87.33905579399142	87.33905579399142	87.33905579399142	87.33905579399142	87.1244635193133	87.1244635193133	87.1244635193133	87.1244635193133	87.1244635193133	87.1244635193133	87.1244635193133	87.1244635193133	87.1244635193133	87.33905579399142	87.33905579399142	87.33905579399142	87.33905579399142	87.55364806866953	87.55364806866953	87.55364806866953	87.55364806866953	87.55364806866953	87.55364806866953	87.76824034334764	87.76824034334764	87.76824034334764	87.76824034334764	87.76824034334764	87.76824034334764	87.76824034334764	87.76824034334764	87.55364806866953	87.55364806866953	87.55364806866953	87.55364806866953	87.76824034334764	87.76824034334764	87.76824034334764	87.55364806866953	87.55364806866953	87.55364806866953	87.33905579399142	87.33905579399142	87.33905579399142	87.33905579399142	87.33905579399142	87.1244635193133	87.33905579399142	87.33905579399142	87.55364806866953	87.55364806866953	87.33905579399142	87.55364806866953	87.55364806866953	87.55364806866953	87.55364806866953	87.55364806866953	87.55364806866953	87.55364806866953	87.55364806866953	87.55364806866953	87.55364806866953	87.55364806866953	87.55364806866953	87.76824034334764	87.98283261802575	87.98283261802575	87.98283261802575	87.98283261802575	87.98283261802575	87.98283261802575	87.98283261802575	87.98283261802575	87.98283261802575	87.55364806866953	87.33905579399142	87.33905579399142	87.33905579399142	87.55364806866953	87.55364806866953	87.55364806866953	87.55364806866953	87.55364806866953	87.55364806866953	87.55364806866953	87.76824034334764	87.76824034334764	87.76824034334764	87.76824034334764	87.76824034334764	87.76824034334764	87.76824034334764	87.76824034334764
0.67	87.1244635193133	87.1244635193133	87.33905579399142	87.33905579399142	86.9098712446352	86.9098712446352	86.9098712446352	86.69527896995707	86.9098712446352	86.9098712446352	86.9098712446352	86.9098712446352	87.1244635193133	87.1244635193133	86.9098712446352	86.9098712446352	86.9098712446352	86.9098712446352	86.9098712446352	86.9098712446352	87.1244635193133	87.1244635193133	87.1244635193133	87.33905579399142	87.33905579399142	87.33905579399142	87.33905579399142	87.33905579399142	87.33905579399142	87.33905579399142	87.33905579399142	87.33905579399142	87.33905579399142	87.55364806866953	87.55364806866953	87.33905579399142	87.33905579399142	87.33905579399142	87.33905579399142	87.33905579399142	87.33905579399142	87.55364806866953	87.55364806866953	87.55364806866953	87.33905579399142	87.33905579399142	87.33905579399142	87.1244635193133	87.1244635193133	87.1244635193133	87.1244635193133	86.9098712446352	86.9098712446352	86.9098712446352	86.9098712446352	86.9098712446352	86.9098712446352	87.1244635193133	87.1244635193133	87.1244635193133	87.1244635193133	87.1244635193133	87.33905579399142	87.33905579399142	87.33905579399142	87.33905579399142	87.33905579399142	87.33905579399142	87.33905579399142	87.33905579399142	87.33905579399142	87.55364806866953	87.55364806866953	87.55364806866953	87.55364806866953	87.76824034334764	87.76824034334764	87.55364806866953	87.55364806866953	87.1244635193133	86.9098712446352	86.9098712446352	86.9098712446352	86.9098712446352	86.9098712446352	87.33905579399142	87.33905579399142	87.33905579399142	87.33905579399142	87.33905579399142	87.33905579399142	87.33905579399142	87.55364806866953	87.55364806866953	87.55364806866953	87.55364806866953	87.55364806866953	87.55364806866953	87.55364806866953	87.55364806866953	87.55364806866953
0.68	87.1244635193133	86.9098712446352	86.9098712446352	86.69527896995707	86.69527896995707	86.48068669527898	86.48068669527898	86.48068669527898	86.48068669527898	86.48068669527898	86.48068669527898	86.69527896995707	86.69527896995707	86.69527896995707	86.9098712446352	86.9098712446352	86.69527896995707	86.69527896995707	86.9098712446352	86.9098712446352	87.1244635193133	87.1244635193133	87.1244635193133	87.1244635193133	87.1244635193133	87.1244635193133	87.1244635193133	87.1244635193133	87.1244635193133	87.1244635193133	87.1244635193133	86.9098712446352	86.9098712446352	86.9098712446352	86.9098712446352	87.1244635193133	87.1244635193133	87.1244635193133	87.33905579399142	87.33905579399142	87.33905579399142	87.33905579399142	87.33905579399142	87.1244635193133	87.1244635193133	86.9098712446352	86.9098712446352	86.9098712446352	86.69527896995707	86.69527896995707	86.69527896995707	86.69527896995707	86.48068669527898	86.48068669527898	86.48068669527898	86.69527896995707	86.9098712446352	86.9098712446352	86.9098712446352	86.9098712446352	86.9098712446352	86.9098712446352	86.9098712446352	86.9098712446352	86.9098712446352	87.1244635193133	87.1244635193133	87.1244635193133	87.1244635193133	87.33905579399142	87.33905579399142	87.33905579399142	87.1244635193133	87.1244635193133	87.1244635193133	86.9098712446352	86.9098712446352	86.48068669527898	86.69527896995707	86.69527896995707	86.69527896995707	86.69527896995707	86.69527896995707	86.9098712446352	86.9098712446352	86.9098712446352	86.9098712446352	86.9098712446352	87.1244635193133	87.1244635193133	87.1244635193133	87.33905579399142	87.33905579399142	87.33905579399142	87.33905579399142	87.33905579399142	87.33905579399142	87.33905579399142	87.76824034334764	87.76824034334764	87.76824034334764
0.69	87.1244635193133	87.1244635193133	86.9098712446352	86.48068669527898	86.48068669527898	86.48068669527898	86.48068669527898	86.48068669527898	86.48068669527898	86.48068669527898	86.48068669527898	86.48068669527898	86.48068669527898	86.69527896995707	86.69527896995707	86.69527896995707	86.69527896995707	87.1244635193133	87.1244635193133	87.1244635193133	87.1244635193133	87.1244635193133	87.1244635193133	87.1244635193133	87.1244635193133	87.1244635193133	87.1244635193133	87.1244635193133	86.9098712446352	86.9098712446352	86.9098712446352	86.9098712446352	86.9098712446352	86.9098712446352	86.9098712446352	87.1244635193133	87.1244635193133	87.33905579399142	87.33905579399142	87.33905579399142	87.33905579399142	87.1244635193133	87.1244635193133	87.1244635193133	86.9098712446352	86.9098712446352	86.69527896995707	86.69527896995707	86.69527896995707	86.48068669527898	86.48068669527898	86.48068669527898	86.48068669527898	86.48068669527898	86.48068669527898	86.9098712446352	86.9098712446352	86.9098712446352	86.9098712446352	86.9098712446352	86.9098712446352	86.9098712446352	86.9098712446352	86.9098712446352	86.9098712446352	86.9098712446352	86.9098712446352	86.9098712446352	87.1244635193133	87.1244635193133	87.1244635193133	87.1244635193133	86.9098712446352	86.9098712446352	86.69527896995707	86.48068669527898	86.48068669527898	86.48068669527898	86.48068669527898	86.48068669527898	86.48068669527898	86.69527896995707	86.9098712446352	86.9098712446352	86.9098712446352	86.9098712446352	86.9098712446352	86.9098712446352	86.9098712446352	86.9098712446352	86.9098712446352	87.33905579399142	87.33905579399142	87.33905579399142	87.33905579399142	87.76824034334764	87.76824034334764	87.76824034334764	87.76824034334764	87.76824034334764	87.76824034334764
0.7	86.69527896995707	86.69527896995707	86.69527896995707	86.69527896995707	86.69527896995707	86.48068669527898	86.48068669527898	86.48068669527898	86.48068669527898	86.48068669527898	86.48068669527898	86.48068669527898	86.48068669527898	86.48068669527898	86.48068669527898	87.1244635193133	87.1244635193133	87.1244635193133	87.1244635193133	87.33905579399142	87.1244635193133	87.1244635193133	87.1244635193133	87.1244635193133	87.1244635193133	86.9098712446352	86.9098712446352	86.9098712446352	86.9098712446352	86.9098712446352	86.9098712446352	86.9098712446352	86.9098712446352	87.1244635193133	87.1244635193133	87.1244635193133	87.1244635193133	87.1244635193133	87.1244635193133	87.1244635193133	87.1244635193133	87.1244635193133	86.9098712446352	86.69527896995707	86.69527896995707	86.69527896995707	86.48068669527898	86.48068669527898	86.48068669527898	86.48068669527898	86.48068669527898	86.48068669527898	86.48068669527898	86.48068669527898	86.69527896995707	86.9098712446352	86.9098712446352	86.9098712446352	86.9098712446352	86.9098712446352	86.9098712446352	86.9098712446352	86.69527896995707	86.69527896995707	86.69527896995707	86.9098712446352	86.9098712446352	86.9098712446352	86.69527896995707	86.69527896995707	86.9098712446352	86.69527896995707	86.48068669527898	86.48068669527898	86.48068669527898	86.48068669527898	86.48068669527898	86.48068669527898	86.48068669527898	86.48068669527898	86.69527896995707	86.69527896995707	86.69527896995707	86.69527896995707	86.9098712446352	86.9098712446352	86.9098712446352	86.9098712446352	86.9098712446352	86.9098712446352	87.1244635193133	87.33905579399142	87.55364806866953	87.55364806866953	87.76824034334764	87.76824034334764	87.76824034334764	87.76824034334764	87.76824034334764	87.76824034334764	87.76824034334764
0.71	86.69527896995707	86.69527896995707	86.69527896995707	86.69527896995707	86.69527896995707	86.69527896995707	86.69527896995707	86.48068669527898	86.48068669527898	86.48068669527898	86.48068669527898	86.48068669527898	86.48068669527898	86.69527896995707	86.9098712446352	86.9098712446352	86.9098712446352	87.1244635193133	87.1244635193133	87.1244635193133	87.1244635193133	87.1244635193133	86.9098712446352	86.9098712446352	86.9098712446352	86.9098712446352	86.9098712446352	86.9098712446352	86.9098712446352	86.9098712446352	86.9098712446352	87.1244635193133	87.1244635193133	87.1244635193133	87.1244635193133	87.1244635193133	87.1244635193133	87.1244635193133	86.9098712446352	86.9098712446352	86.48068669527898	86.69527896995707	86.69527896995707	86.48068669527898	86.48068669527898	86.48068669527898	86.48068669527898	86.48068669527898	86.48068669527898	86.48068669527898	86.48068669527898	86.48068669527898	86.48068669527898	86.69527896995707	86.69527896995707	86.9098712446352	86.9098712446352	86.69527896995707	86.69527896995707	86.69527896995707	86.69527896995707	86.69527896995707	86.69527896995707	86.9098712446352	86.9098712446352	86.69527896995707	86.69527896995707	86.69527896995707	86.48068669527898	86.48068669527898	86.26609442060087	86.26609442060087	86.48068669527898	86.48068669527898	86.48068669527898	86.48068669527898	86.48068669527898	86.48068669527898	86.48068669527898	86.69527896995707	86.69527896995707	86.69527896995707	86.69527896995707	86.69527896995707	86.69527896995707	86.69527896995707	86.69527896995707	86.9098712446352	86.9098712446352	87.55364806866953	87.55364806866953	87.55364806866953	87.55364806866953	87.55364806866953	87.55364806866953	87.55364806866953	87.55364806866953	87.76824034334764	87.76824034334764	87.76824034334764	87.76824034334764
0.72	86.69527896995707	86.69527896995707	86.69527896995707	86.69527896995707	86.69527896995707	86.69527896995707	86.69527896995707	86.69527896995707	86.69527896995707	86.69527896995707	86.48068669527898	86.69527896995707	86.9098712446352	86.9098712446352	86.9098712446352	86.9098712446352	86.9098712446352	86.9098712446352	86.69527896995707	86.9098712446352	86.9098712446352	86.9098712446352	86.9098712446352	86.9098712446352	86.9098712446352	86.9098712446352	86.9098712446352	86.9098712446352	87.1244635193133	87.1244635193133	87.1244635193133	87.1244635193133	87.1244635193133	87.1244635193133	87.1244635193133	87.1244635193133	86.9098712446352	86.69527896995707	86.48068669527898	86.48068669527898	86.26609442060087	86.26609442060087	86.48068669527898	86.48068669527898	86.48068669527898	86.48068669527898	86.48068669527898	86.48068669527898	86.48068669527898	86.48068669527898	86.48068669527898	86.48068669527898	86.69527896995707	86.48068669527898	86.48068669527898	86.69527896995707	86.69527896995707	86.69527896995707	86.69527896995707	86.69527896995707	86.69527896995707	86.69527896995707	86.69527896995707	86.69527896995707	86.69527896995707	86.69527896995707	86.48068669527898	86.48068669527898	86.26609442060087	86.26609442060087	86.26609442060087	86.26609442060087	86.26609442060087	86.26609442060087	86.26609442060087	86.48068669527898	86.48068669527898	86.48068669527898	86.69527896995707	86.69527896995707	86.69527896995707	86.69527896995707	86.69527896995707	86.69527896995707	86.69527896995707	86.69527896995707	87.1244635193133	87.1244635193133	87.33905579399142	87.55364806866953	87.55364806866953	87.55364806866953	87.55364806866953	87.55364806866953	87.55364806866953	87.55364806866953	87.55364806866953	87.55364806866953	87.55364806866953	87.55364806866953	87.55364806866953
0.73	86.48068669527898	86.48068669527898	86.48068669527898	86.48068669527898	86.48068669527898	86.48068669527898	86.48068669527898	86.48068669527898	86.48068669527898	86.69527896995707	86.69527896995707	86.9098712446352	86.69527896995707	86.69527896995707	86.69527896995707	86.48068669527898	86.48068669527898	86.48068669527898	86.48068669527898	86.48068669527898	86.48068669527898	86.48068669527898	86.69527896995707	86.69527896995707	86.69527896995707	86.69527896995707	86.9098712446352	86.9098712446352	86.9098712446352	86.9098712446352	86.9098712446352	86.9098712446352	86.9098712446352	86.9098712446352	86.69527896995707	86.48068669527898	86.48068669527898	86.05150214592274	86.05150214592274	86.05150214592274	86.05150214592274	86.05150214592274	86.05150214592274	86.05150214592274	86.26609442060087	86.26609442060087	86.26609442060087	86.26609442060087	86.05150214592274	86.05150214592274	86.05150214592274	86.26609442060087	86.26609442060087	86.26609442060087	86.26609442060087	86.48068669527898	86.48068669527898	86.48068669527898	86.26609442060087	86.48068669527898	86.48068669527898	86.48068669527898	86.48068669527898	86.26609442060087	86.26609442060087	86.26609442060087	86.05150214592274	86.05150214592274	86.05150214592274	86.05150214592274	86.05150214592274	86.05150214592274	86.05150214592274	86.05150214592274	86.05150214592274	86.05150214592274	86.26609442060087	86.48068669527898	86.48068669527898	86.48068669527898	86.48068669527898	86.48068669527898	86.48068669527898	86.9098712446352	86.9098712446352	86.9098712446352	86.9098712446352	86.9098712446352	87.1244635193133	87.1244635193133	87.1244635193133	87.1244635193133	87.33905579399142	87.33905579399142	87.33905579399142	87.33905579399142	87.1244635193133	87.1244635193133	87.1244635193133	87.1244635193133	87.1244635193133
0.74	86.48068669527898	86.48068669527898	86.48068669527898	86.48068669527898	86.48068669527898	86.48068669527898	86.48068669527898	86.69527896995707	86.69527896995707	86.9098712446352	86.9098712446352	86.9098712446352	86.69527896995707	86.69527896995707	86.48068669527898	86.48068669527898	86.48068669527898	86.48068669527898	86.48068669527898	86.48068669527898	86.48068669527898	86.48068669527898	86.48068669527898	86.48068669527898	86.9098712446352	86.9098712446352	86.9098712446352	86.9098712446352	86.9098712446352	86.9098712446352	86.9098712446352	86.9098712446352	86.69527896995707	86.48068669527898	86.26609442060087	86.05150214592274	86.05150214592274	86.05150214592274	86.05150214592274	86.05150214592274	86.05150214592274	86.05150214592274	86.05150214592274	86.05150214592274	85.83690987124464	85.83690987124464	86.05150214592274	86.05150214592274	86.05150214592274	86.05150214592274	86.05150214592274	86.26609442060087	86.26609442060087	86.26609442060087	86.26609442060087	86.26609442060087	86.26609442060087	86.26609442060087	86.48068669527898	86.48068669527898	86.48068669527898	86.26609442060087	86.26609442060087	86.05150214592274	86.05150214592274	86.05150214592274	86.05150214592274	86.05150214592274	86.05150214592274	86.05150214592274	86.05150214592274	86.05150214592274	86.05150214592274	86.05150214592274	86.05150214592274	86.26609442060087	86.26609442060087	86.26609442060087	86.26609442060087	86.48068669527898	86.9098712446352	86.9098712446352	86.9098712446352	86.9098712446352	86.9098712446352	86.9098712446352	86.9098712446352	87.1244635193133	87.1244635193133	87.1244635193133	87.1244635193133	87.1244635193133	87.1244635193133	86.9098712446352	87.1244635193133	87.1244635193133	87.1244635193133	87.1244635193133	87.1244635193133	87.1244635193133	87.1244635193133
0.75	86.48068669527898	86.48068669527898	86.48068669527898	86.48068669527898	86.48068669527898	86.69527896995707	86.69527896995707	86.69527896995707	86.9098712446352	86.69527896995707	86.69527896995707	86.69527896995707	86.69527896995707	86.69527896995707	86.69527896995707	86.69527896995707	86.48068669527898	86.48068669527898	86.48068669527898	86.48068669527898	86.48068669527898	86.48068669527898	86.69527896995707	86.69527896995707	86.69527896995707	86.69527896995707	86.9098712446352	86.9098712446352	86.9098712446352	86.9098712446352	86.69527896995707	86.26609442060087	86.26609442060087	86.05150214592274	86.05150214592274	86.05150214592274	86.05150214592274	86.05150214592274	86.05150214592274	85.83690987124464	85.83690987124464	85.83690987124464	85.83690987124464	85.83690987124464	85.83690987124464	85.83690987124464	85.83690987124464	85.83690987124464	86.05150214592274	86.05150214592274	86.26609442060087	86.26609442060087	86.05150214592274	86.05150214592274	86.05150214592274	86.26609442060087	86.48068669527898	86.48068669527898	86.26609442060087	86.26609442060087	86.26609442060087	86.05150214592274	86.05150214592274	86.05150214592274	86.05150214592274	86.05150214592274	86.05150214592274	86.05150214592274	86.05150214592274	86.05150214592274	86.05150214592274	86.05150214592274	86.05150214592274	86.26609442060087	86.26609442060087	86.26609442060087	86.26609442060087	86.48068669527898	86.69527896995707	86.69527896995707	86.69527896995707	86.9098712446352	86.9098712446352	86.9098712446352	86.9098712446352	86.9098712446352	87.1244635193133	87.1244635193133	87.1244635193133	86.9098712446352	86.9098712446352	86.9098712446352	86.9098712446352	86.9098712446352	86.9098712446352	86.9098712446352	86.9098712446352	87.1244635193133	87.1244635193133	87.1244635193133	87.1244635193133
0.76	86.48068669527898	86.48068669527898	86.48068669527898	86.69527896995707	86.69527896995707	86.69527896995707	86.69527896995707	86.69527896995707	86.69527896995707	86.69527896995707	86.69527896995707	86.69527896995707	86.69527896995707	86.69527896995707	86.69527896995707	86.69527896995707	86.69527896995707	86.69527896995707	86.48068669527898	86.69527896995707	86.69527896995707	86.69527896995707	86.69527896995707	86.69527896995707	86.69527896995707	86.69527896995707	86.69527896995707	86.69527896995707	86.69527896995707	86.48068669527898	86.26609442060087	86.26609442060087	86.05150214592274	86.05150214592274	86.05150214592274	85.83690987124464	85.83690987124464	85.83690987124464	85.83690987124464	85.83690987124464	85.83690987124464	85.83690987124464	85.83690987124464	85.83690987124464	85.83690987124464	85.83690987124464	85.83690987124464	85.83690987124464	85.83690987124464	86.05150214592274	86.05150214592274	86.05150214592274	86.05150214592274	86.05150214592274	86.26609442060087	86.48068669527898	86.26609442060087	86.26609442060087	86.26609442060087	86.05150214592274	86.05150214592274	86.05150214592274	86.05150214592274	86.05150214592274	86.05150214592274	86.05150214592274	86.05150214592274	86.05150214592274	86.05150214592274	86.05150214592274	86.05150214592274	86.05150214592274	86.26609442060087	86.26609442060087	86.26609442060087	86.69527896995707	86.69527896995707	86.69527896995707	86.69527896995707	86.69527896995707	86.69527896995707	86.69527896995707	86.69527896995707	86.9098712446352	86.9098712446352	86.9098712446352	86.9098712446352	86.9098712446352	86.9098712446352	86.9098712446352	86.9098712446352	86.9098712446352	86.9098712446352	86.9098712446352	86.9098712446352	86.9098712446352	86.9098712446352	86.9098712446352	86.9098712446352	87.1244635193133	87.33905579399142
0.77	86.48068669527898	86.69527896995707	86.69527896995707	86.69527896995707	86.48068669527898	86.69527896995707	86.69527896995707	86.69527896995707	86.69527896995707	86.69527896995707	86.69527896995707	86.69527896995707	86.69527896995707	86.69527896995707	86.69527896995707	86.69527896995707	86.69527896995707	86.9098712446352	86.9098712446352	86.9098712446352	86.69527896995707	86.69527896995707	86.69527896995707	86.69527896995707	86.69527896995707	86.48068669527898	86.26609442060087	86.26609442060087	86.26609442060087	86.26609442060087	86.05150214592274	85.83690987124464	85.83690987124464	85.83690987124464	85.83690987124464	85.83690987124464	85.83690987124464	85.83690987124464	85.83690987124464	85.83690987124464	85.83690987124464	85.83690987124464	85.83690987124464	85.83690987124464	85.83690987124464	85.62231759656652	85.62231759656652	85.62231759656652	85.83690987124464	85.83690987124464	85.83690987124464	86.05150214592274	86.26609442060087	86.05150214592274	86.05150214592274	86.05150214592274	86.26609442060087	86.05150214592274	86.05150214592274	86.05150214592274	86.05150214592274	86.05150214592274	86.05150214592274	86.05150214592274	86.05150214592274	86.05150214592274	86.05150214592274	86.05150214592274	86.05150214592274	86.05150214592274	86.05150214592274	86.26609442060087	86.69527896995707	86.69527896995707	86.69527896995707	86.69527896995707	86.69527896995707	86.69527896995707	86.69527896995707	86.69527896995707	86.69527896995707	86.69527896995707	86.69527896995707	86.48068669527898	86.48068669527898	86.9098712446352	86.9098712446352	86.9098712446352	86.9098712446352	86.9098712446352	86.9098712446352	86.9098712446352	86.9098712446352	86.9098712446352	86.9098712446352	86.9098712446352	86.9098712446352	86.9098712446352	86.9098712446352	86.9098712446352	87.1244635193133
0.78	86.48068669527898	86.26609442060087	86.26609442060087	86.69527896995707	86.69527896995707	86.69527896995707	86.69527896995707	86.69527896995707	86.69527896995707	86.69527896995707	86.69527896995707	86.69527896995707	86.69527896995707	86.69527896995707	86.69527896995707	86.9098712446352	86.9098712446352	86.9098712446352	86.9098712446352	86.9098712446352	86.9098712446352	86.9098712446352	86.69527896995707	86.48068669527898	86.26609442060087	86.26609442060087	86.26609442060087	85.83690987124464	85.83690987124464	85.62231759656652	85.62231759656652	85.83690987124464	85.83690987124464	85.83690987124464	86.05150214592274	85.83690987124464	85.83690987124464	85.83690987124464	85.83690987124464	85.83690987124464	85.83690987124464	85.83690987124464	85.62231759656652	85.62231759656652	85.62231759656652	85.62231759656652	85.62231759656652	85.62231759656652	85.83690987124464	85.83690987124464	85.83690987124464	85.83690987124464	86.05150214592274	86.05150214592274	86.05150214592274	86.05150214592274	86.05150214592274	86.05150214592274	86.05150214592274	86.05150214592274	86.05150214592274	86.05150214592274	86.05150214592274	86.05150214592274	86.05150214592274	86.05150214592274	86.05150214592274	86.05150214592274	86.05150214592274	86.26609442060087	86.69527896995707	86.69527896995707	86.69527896995707	86.69527896995707	86.69527896995707	86.69527896995707	86.69527896995707	86.69527896995707	86.69527896995707	86.48068669527898	86.48068669527898	86.48068669527898	86.48068669527898	86.48068669527898	86.69527896995707	86.69527896995707	86.69527896995707	86.9098712446352	86.9098712446352	86.9098712446352	86.9098712446352	86.9098712446352	86.9098712446352	86.9098712446352	86.9098712446352	86.9098712446352	86.9098712446352	86.9098712446352	86.9098712446352	86.9098712446352	87.1244635193133
0.79	86.26609442060087	86.26609442060087	86.48068669527898	86.48068669527898	86.48068669527898	86.69527896995707	86.69527896995707	86.69527896995707	86.69527896995707	86.69527896995707	86.69527896995707	86.69527896995707	86.69527896995707	86.9098712446352	86.9098712446352	86.9098712446352	86.9098712446352	86.9098712446352	86.9098712446352	86.9098712446352	86.9098712446352	86.48068669527898	86.48068669527898	86.26609442060087	86.05150214592274	86.05150214592274	85.83690987124464	85.62231759656652	85.62231759656652	85.62231759656652	85.62231759656652	85.62231759656652	85.62231759656652	85.83690987124464	85.83690987124464	85.83690987124464	85.83690987124464	85.83690987124464	85.83690987124464	85.83690987124464	85.62231759656652	85.62231759656652	85.62231759656652	85.62231759656652	85.62231759656652	85.62231759656652	85.62231759656652	85.83690987124464	85.83690987124464	85.83690987124464	85.83690987124464	85.83690987124464	85.83690987124464	85.83690987124464	85.83690987124464	85.83690987124464	86.05150214592274	86.05150214592274	86.05150214592274	86.05150214592274	86.05150214592274	86.05150214592274	86.05150214592274	86.05150214592274	86.05150214592274	86.05150214592274	86.05150214592274	86.48068669527898	86.69527896995707	86.69527896995707	86.69527896995707	86.69527896995707	86.69527896995707	86.69527896995707	86.69527896995707	86.69527896995707	86.48068669527898	86.48068669527898	86.48068669527898	86.48068669527898	86.48068669527898	86.48068669527898	86.48068669527898	86.48068669527898	86.69527896995707	86.69527896995707	86.69527896995707	86.69527896995707	86.69527896995707	86.9098712446352	86.9098712446352	86.9098712446352	86.9098712446352	86.9098712446352	86.9098712446352	86.9098712446352	86.9098712446352	86.9098712446352	86.9098712446352	87.1244635193133	87.1244635193133
0.8	86.48068669527898	86.48068669527898	86.48068669527898	86.48068669527898	86.48068669527898	86.48068669527898	86.48068669527898	86.69527896995707	86.69527896995707	86.69527896995707	86.69527896995707	86.9098712446352	86.9098712446352	86.9098712446352	86.9098712446352	86.9098712446352	86.9098712446352	86.9098712446352	86.69527896995707	86.26609442060087	86.26609442060087	86.26609442060087	86.26609442060087	86.26609442060087	86.05150214592274	86.05150214592274	85.62231759656652	85.62231759656652	85.62231759656652	85.62231759656652	85.62231759656652	85.62231759656652	85.62231759656652	85.62231759656652	85.62231759656652	85.83690987124464	85.83690987124464	85.62231759656652	85.62231759656652	85.62231759656652	85.62231759656652	85.62231759656652	85.62231759656652	85.62231759656652	85.62231759656652	85.62231759656652	85.83690987124464	85.62231759656652	85.83690987124464	85.83690987124464	85.83690987124464	85.83690987124464	85.62231759656652	85.62231759656652	85.62231759656652	85.83690987124464	86.05150214592274	86.05150214592274	86.05150214592274	86.05150214592274	86.05150214592274	86.05150214592274	86.05150214592274	86.05150214592274	86.05150214592274	86.48068669527898	86.48068669527898	86.69527896995707	86.69527896995707	86.69527896995707	86.69527896995707	86.69527896995707	86.69527896995707	86.48068669527898	86.48068669527898	86.48068669527898	86.48068669527898	86.48068669527898	86.48068669527898	86.48068669527898	86.48068669527898	86.48068669527898	86.48068669527898	86.69527896995707	86.69527896995707	86.69527896995707	86.69527896995707	86.69527896995707	86.69527896995707	86.69527896995707	86.69527896995707	86.9098712446352	86.9098712446352	86.9098712446352	86.9098712446352	86.9098712446352	86.9098712446352	86.9098712446352	86.9098712446352	87.1244635193133	87.1244635193133
0.81	85.83690987124464	86.05150214592274	86.48068669527898	86.48068669527898	86.48068669527898	86.48068669527898	86.48068669527898	86.48068669527898	86.48068669527898	86.9098712446352	86.9098712446352	86.9098712446352	86.9098712446352	86.9098712446352	86.9098712446352	86.69527896995707	86.48068669527898	86.26609442060087	86.26609442060087	86.26609442060087	86.26609442060087	86.26609442060087	86.26609442060087	86.05150214592274	86.05150214592274	85.83690987124464	85.83690987124464	85.83690987124464	85.62231759656652	85.62231759656652	85.62231759656652	85.62231759656652	85.62231759656652	85.62231759656652	85.40772532188842	85.40772532188842	85.62231759656652	85.62231759656652	85.62231759656652	85.83690987124464	85.62231759656652	85.62231759656652	85.62231759656652	85.62231759656652	85.62231759656652	85.40772532188842	85.83690987124464	85.83690987124464	85.83690987124464	85.83690987124464	85.62231759656652	85.62231759656652	85.62231759656652	85.62231759656652	85.62231759656652	85.62231759656652	85.83690987124464	86.05150214592274	86.05150214592274	86.05150214592274	86.05150214592274	86.05150214592274	86.26609442060087	86.48068669527898	86.48068669527898	86.69527896995707	86.69527896995707	86.69527896995707	86.69527896995707	86.69527896995707	86.48068669527898	86.48068669527898	86.48068669527898	86.48068669527898	86.48068669527898	86.48068669527898	86.48068669527898	86.48068669527898	86.48068669527898	86.48068669527898	86.48068669527898	86.48068669527898	86.48068669527898	86.69527896995707	86.69527896995707	86.69527896995707	86.69527896995707	86.69527896995707	86.69527896995707	86.69527896995707	86.69527896995707	86.69527896995707	86.69527896995707	86.9098712446352	86.9098712446352	86.9098712446352	86.9098712446352	86.9098712446352	86.9098712446352	86.9098712446352	86.9098712446352
0.82	85.83690987124464	85.83690987124464	85.83690987124464	85.83690987124464	86.26609442060087	86.26609442060087	86.48068669527898	86.48068669527898	86.69527896995707	86.69527896995707	86.69527896995707	86.69527896995707	86.69527896995707	86.69527896995707	86.26609442060087	86.26609442060087	86.26609442060087	86.26609442060087	86.26609442060087	86.26609442060087	86.26609442060087	86.26609442060087	86.05150214592274	85.83690987124464	85.83690987124464	85.83690987124464	85.83690987124464	85.83690987124464	85.83690987124464	85.83690987124464	85.62231759656652	85.40772532188842	85.40772532188842	85.40772532188842	85.40772532188842	85.40772532188842	85.40772532188842	85.40772532188842	85.62231759656652	85.62231759656652	85.62231759656652	85.83690987124464	85.40772532188842	85.40772532188842	85.40772532188842	85.83690987124464	85.83690987124464	85.83690987124464	85.83690987124464	85.62231759656652	85.62231759656652	85.62231759656652	85.62231759656652	85.62231759656652	85.62231759656652	85.62231759656652	85.83690987124464	85.83690987124464	86.05150214592274	86.05150214592274	86.48068669527898	86.48068669527898	86.48068669527898	86.48068669527898	86.69527896995707	86.69527896995707	86.69527896995707	86.48068669527898	86.48068669527898	86.48068669527898	86.48068669527898	86.48068669527898	86.48068669527898	86.48068669527898	86.48068669527898	86.48068669527898	86.48068669527898	86.48068669527898	86.48068669527898	86.48068669527898	86.48068669527898	86.48068669527898	86.69527896995707	86.69527896995707	86.69527896995707	86.69527896995707	86.69527896995707	86.69527896995707	86.69527896995707	86.69527896995707	86.69527896995707	86.69527896995707	86.69527896995707	86.69527896995707	86.9098712446352	86.9098712446352	86.69527896995707	86.69527896995707	86.69527896995707	86.9098712446352	86.9098712446352
0.83	85.62231759656652	85.83690987124464	85.83690987124464	85.83690987124464	85.83690987124464	85.83690987124464	86.26609442060087	86.26609442060087	86.26609442060087	86.48068669527898	86.48068669527898	86.48068669527898	86.05150214592274	86.26609442060087	86.26609442060087	86.26609442060087	86.26609442060087	86.26609442060087	86.26609442060087	86.26609442060087	86.26609442060087	86.05150214592274	85.83690987124464	85.83690987124464	85.83690987124464	85.83690987124464	85.83690987124464	85.83690987124464	85.62231759656652	85.62231759656652	85.62231759656652	85.40772532188842	85.40772532188842	85.40772532188842	85.40772532188842	85.40772532188842	85.40772532188842	85.40772532188842	85.40772532188842	85.62231759656652	85.40772532188842	85.40772532188842	85.62231759656652	85.62231759656652	85.83690987124464	85.83690987124464	85.83690987124464	85.62231759656652	85.62231759656652	85.62231759656652	85.62231759656652	85.62231759656652	85.62231759656652	85.62231759656652	85.62231759656652	85.62231759656652	85.83690987124464	86.05150214592274	86.26609442060087	86.48068669527898	86.48068669527898	86.48068669527898	86.48068669527898	86.69527896995707	86.48068669527898	86.48068669527898	86.48068669527898	86.48068669527898	86.48068669527898	86.48068669527898	86.48068669527898	86.48068669527898	86.48068669527898	86.48068669527898	86.48068669527898	86.48068669527898	86.48068669527898	86.48068669527898	86.48068669527898	86.48068669527898	86.48068669527898	86.48068669527898	86.69527896995707	86.69527896995707	86.69527896995707	86.69527896995707	86.69527896995707	86.69527896995707	86.69527896995707	86.69527896995707	86.69527896995707	86.69527896995707	86.69527896995707	86.48068669527898	86.48068669527898	86.48068669527898	86.69527896995707	86.69527896995707	86.9098712446352	86.9098712446352	86.69527896995707
0.84	85.40772532188842	85.62231759656652	85.62231759656652	85.62231759656652	85.62231759656652	85.83690987124464	85.83690987124464	85.83690987124464	86.05150214592274	86.05150214592274	85.62231759656652	85.83690987124464	86.05150214592274	86.05150214592274	86.05150214592274	86.26609442060087	86.26609442060087	86.26609442060087	86.26609442060087	86.05150214592274	86.05150214592274	85.83690987124464	85.83690987124464	85.83690987124464	85.83690987124464	85.83690987124464	85.62231759656652	85.62231759656652	85.62231759656652	85.62231759656652	85.62231759656652	85.62231759656652	85.62231759656652	85.40772532188842	85.40772532188842	85.40772532188842	85.40772532188842	85.40772532188842	85.1931330472103	85.1931330472103	85.1931330472103	85.40772532188842	85.62231759656652	85.62231759656652	86.05150214592274	85.62231759656652	85.62231759656652	85.62231759656652	85.62231759656652	85.62231759656652	85.62231759656652	85.62231759656652	85.62231759656652	85.62231759656652	85.62231759656652	85.83690987124464	86.26609442060087	86.26609442060087	86.26609442060087	86.26609442060087	86.26609442060087	86.48068669527898	86.48068669527898	86.48068669527898	86.48068669527898	86.48068669527898	86.48068669527898	86.48068669527898	86.48068669527898	86.48068669527898	86.48068669527898	86.48068669527898	86.48068669527898	86.48068669527898	86.48068669527898	86.48068669527898	86.48068669527898	86.48068669527898	86.48068669527898	86.48068669527898	86.48068669527898	86.48068669527898	86.69527896995707	86.69527896995707	86.69527896995707	86.69527896995707	86.69527896995707	86.69527896995707	86.69527896995707	86.69527896995707	86.69527896995707	86.48068669527898	86.48068669527898	86.48068669527898	86.48068669527898	86.48068669527898	86.48068669527898	86.48068669527898	86.9098712446352	86.48068669527898	86.48068669527898
0.85	85.1931330472103	85.1931330472103	85.40772532188842	85.62231759656652	85.62231759656652	85.62231759656652	85.62231759656652	85.62231759656652	85.40772532188842	85.40772532188842	85.62231759656652	85.62231759656652	85.62231759656652	85.62231759656652	85.83690987124464	85.83690987124464	86.05150214592274	86.26609442060087	86.05150214592274	85.83690987124464	85.83690987124464	85.83690987124464	85.83690987124464	85.62231759656652	85.62231759656652	85.62231759656652	85.62231759656652	85.62231759656652	85.62231759656652	85.62231759656652	85.62231759656652	85.62231759656652	85.62231759656652	85.62231759656652	85.62231759656652	85.40772532188842	85.1931330472103	85.1931330472103	85.1931330472103	85.1931330472103	85.40772532188842	85.40772532188842	85.40772532188842	85.83690987124464	85.62231759656652	85.83690987124464	85.83690987124464	85.62231759656652	85.62231759656652	85.62231759656652	85.62231759656652	85.62231759656652	85.62231759656652	85.83690987124464	86.05150214592274	86.05150214592274	86.26609442060087	86.26609442060087	86.26609442060087	86.05150214592274	86.26609442060087	86.26609442060087	86.48068669527898	86.48068669527898	86.48068669527898	86.48068669527898	86.48068669527898	86.48068669527898	86.48068669527898	86.48068669527898	86.48068669527898	86.48068669527898	86.48068669527898	86.48068669527898	86.48068669527898	86.48068669527898	86.48068669527898	86.48068669527898	86.48068669527898	86.48068669527898	86.48068669527898	86.69527896995707	86.69527896995707	86.69527896995707	86.69527896995707	86.69527896995707	86.69527896995707	86.69527896995707	86.48068669527898	86.48068669527898	86.48068669527898	86.48068669527898	86.48068669527898	86.48068669527898	86.48068669527898	86.48068669527898	86.26609442060087	86.05150214592274	86.26609442060087	86.48068669527898	86.48068669527898
0.86	85.1931330472103	85.40772532188842	85.62231759656652	85.62231759656652	85.62231759656652	85.62231759656652	85.40772532188842	85.40772532188842	85.40772532188842	85.40772532188842	85.40772532188842	85.62231759656652	85.83690987124464	85.83690987124464	85.83690987124464	85.83690987124464	85.83690987124464	85.83690987124464	85.62231759656652	86.05150214592274	85.83690987124464	85.83690987124464	85.83690987124464	85.83690987124464	85.83690987124464	85.83690987124464	85.83690987124464	85.83690987124464	85.83690987124464	85.83690987124464	85.83690987124464	85.83690987124464	85.83690987124464	85.83690987124464	85.83690987124464	85.62231759656652	85.62231759656652	85.40772532188842	85.40772532188842	85.62231759656652	85.62231759656652	85.62231759656652	85.40772532188842	85.62231759656652	85.83690987124464	85.83690987124464	85.83690987124464	86.05150214592274	85.83690987124464	85.83690987124464	85.83690987124464	86.05150214592274	86.26609442060087	86.26609442060087	86.26609442060087	86.26609442060087	86.26609442060087	86.26609442060087	86.26609442060087	86.48068669527898	86.48068669527898	86.48068669527898	86.48068669527898	86.69527896995707	86.69527896995707	86.69527896995707	86.69527896995707	86.69527896995707	86.69527896995707	86.69527896995707	86.69527896995707	86.69527896995707	86.69527896995707	86.69527896995707	86.69527896995707	86.69527896995707	86.69527896995707	86.69527896995707	86.69527896995707	86.69527896995707	86.69527896995707	86.9098712446352	86.9098712446352	86.9098712446352	86.9098712446352	86.69527896995707	86.69527896995707	86.69527896995707	86.69527896995707	86.69527896995707	86.69527896995707	86.69527896995707	86.48068669527898	86.69527896995707	86.48068669527898	86.26609442060087	86.26609442060087	86.26609442060087	86.48068669527898	86.48068669527898	86.69527896995707
0.87	85.40772532188842	85.40772532188842	85.40772532188842	85.62231759656652	85.40772532188842	85.1931330472103	85.1931330472103	85.1931330472103	85.1931330472103	85.40772532188842	85.40772532188842	85.40772532188842	85.40772532188842	85.40772532188842	85.62231759656652	85.83690987124464	85.62231759656652	85.40772532188842	85.1931330472103	85.1931330472103	85.1931330472103	85.62231759656652	85.83690987124464	85.83690987124464	85.83690987124464	85.83690987124464	85.83690987124464	85.83690987124464	85.83690987124464	85.83690987124464	85.83690987124464	85.83690987124464	85.83690987124464	85.62231759656652	85.62231759656652	85.62231759656652	85.62231759656652	85.62231759656652	85.62231759656652	85.62231759656652	85.62231759656652	85.40772532188842	85.62231759656652	85.62231759656652	85.62231759656652	85.83690987124464	85.83690987124464	85.83690987124464	86.05150214592274	86.26609442060087	86.26609442060087	86.26609442060087	86.26609442060087	86.26609442060087	86.05150214592274	86.05150214592274	86.26609442060087	86.26609442060087	86.48068669527898	86.48068669527898	86.48068669527898	86.48068669527898	86.48068669527898	86.48068669527898	86.48068669527898	86.69527896995707	86.69527896995707	86.69527896995707	86.69527896995707	86.69527896995707	86.69527896995707	86.69527896995707	86.69527896995707	86.69527896995707	86.69527896995707	86.69527896995707	86.69527896995707	86.69527896995707	86.69527896995707	86.69527896995707	86.9098712446352	86.9098712446352	86.69527896995707	86.69527896995707	86.69527896995707	86.69527896995707	86.69527896995707	86.69527896995707	86.69527896995707	86.48068669527898	86.69527896995707	86.48068669527898	86.48068669527898	86.26609442060087	86.26609442060087	86.26609442060087	86.26609442060087	86.26609442060087	86.48068669527898	86.48068669527898	86.48068669527898
0.88	85.40772532188842	85.40772532188842	85.1931330472103	85.1931330472103	85.1931330472103	85.1931330472103	85.1931330472103	85.1931330472103	85.1931330472103	85.1931330472103	85.1931330472103	85.1931330472103	85.1931330472103	85.40772532188842	85.40772532188842	84.97854077253218	84.97854077253218	84.97854077253218	85.1931330472103	85.1931330472103	85.1931330472103	85.1931330472103	85.40772532188842	85.40772532188842	85.62231759656652	85.83690987124464	85.83690987124464	85.83690987124464	85.83690987124464	85.83690987124464	85.83690987124464	85.62231759656652	85.62231759656652	85.62231759656652	85.62231759656652	85.62231759656652	85.83690987124464	85.83690987124464	85.83690987124464	85.62231759656652	85.40772532188842	85.40772532188842	85.62231759656652	85.62231759656652	85.62231759656652	85.62231759656652	85.83690987124464	86.05150214592274	86.26609442060087	86.26609442060087	86.48068669527898	86.05150214592274	86.05150214592274	86.05150214592274	86.05150214592274	86.05150214592274	86.26609442060087	86.48068669527898	86.48068669527898	86.48068669527898	86.48068669527898	86.48068669527898	86.48068669527898	86.48068669527898	86.48068669527898	86.48068669527898	86.69527896995707	86.69527896995707	86.69527896995707	86.69527896995707	86.69527896995707	86.69527896995707	86.69527896995707	86.69527896995707	86.69527896995707	86.69527896995707	86.69527896995707	86.69527896995707	86.69527896995707	86.69527896995707	86.69527896995707	86.69527896995707	86.69527896995707	86.69527896995707	86.69527896995707	86.69527896995707	86.48068669527898	86.69527896995707	86.69527896995707	86.48068669527898	86.48068669527898	86.26609442060087	86.26609442060087	86.26609442060087	86.26609442060087	86.26609442060087	86.26609442060087	86.48068669527898	86.48068669527898	86.48068669527898	86.48068669527898
0.89	85.1931330472103	84.97854077253218	84.97854077253218	84.97854077253218	85.1931330472103	85.1931330472103	85.1931330472103	85.1931330472103	85.1931330472103	85.1931330472103	85.1931330472103	85.1931330472103	85.1931330472103	84.97854077253218	84.76394849785407	84.54935622317596	84.76394849785407	84.76394849785407	84.97854077253218	84.97854077253218	84.97854077253218	85.1931330472103	85.1931330472103	85.1931330472103	85.40772532188842	85.40772532188842	85.40772532188842	85.62231759656652	85.83690987124464	85.62231759656652	85.62231759656652	85.62231759656652	85.62231759656652	85.62231759656652	85.62231759656652	85.83690987124464	85.83690987124464	85.83690987124464	85.62231759656652	85.62231759656652	85.62231759656652	85.62231759656652	85.62231759656652	85.62231759656652	85.83690987124464	85.83690987124464	86.05150214592274	86.05150214592274	86.26609442060087	86.05150214592274	86.05150214592274	86.26609442060087	86.26609442060087	86.05150214592274	86.05150214592274	86.26609442060087	86.48068669527898	86.48068669527898	86.48068669527898	86.48068669527898	86.48068669527898	86.48068669527898	86.48068669527898	86.48068669527898	86.48068669527898	86.48068669527898	86.48068669527898	86.69527896995707	86.69527896995707	86.69527896995707	86.69527896995707	86.69527896995707	86.69527896995707	86.69527896995707	86.69527896995707	86.69527896995707	86.69527896995707	86.48068669527898	86.48068669527898	86.48068669527898	86.69527896995707	86.69527896995707	86.69527896995707	86.69527896995707	86.48068669527898	86.69527896995707	86.48068669527898	86.48068669527898	86.48068669527898	86.26609442060087	86.26609442060087	86.26609442060087	86.26609442060087	86.26609442060087	86.26609442060087	86.26609442060087	86.26609442060087	86.48068669527898	86.48068669527898	86.48068669527898	86.48068669527898
0.9	84.97854077253218	84.97854077253218	84.97854077253218	84.97854077253218	84.97854077253218	85.1931330472103	85.1931330472103	85.1931330472103	85.1931330472103	85.1931330472103	84.97854077253218	84.97854077253218	84.97854077253218	84.76394849785407	84.54935622317596	84.54935622317596	84.54935622317596	84.54935622317596	84.54935622317596	84.76394849785407	84.97854077253218	84.97854077253218	84.97854077253218	84.97854077253218	85.1931330472103	85.1931330472103	85.40772532188842	85.1931330472103	85.1931330472103	85.1931330472103	85.40772532188842	85.62231759656652	85.62231759656652	85.62231759656652	85.83690987124464	85.83690987124464	85.62231759656652	85.62231759656652	85.62231759656652	85.62231759656652	85.62231759656652	85.83690987124464	86.05150214592274	85.83690987124464	86.05150214592274	86.05150214592274	85.83690987124464	85.83690987124464	85.83690987124464	85.83690987124464	86.05150214592274	86.05150214592274	86.26609442060087	86.26609442060087	86.26609442060087	86.26609442060087	86.48068669527898	86.48068669527898	86.48068669527898	86.48068669527898	86.48068669527898	86.48068669527898	86.48068669527898	86.48068669527898	86.48068669527898	86.48068669527898	86.48068669527898	86.48068669527898	86.69527896995707	86.69527896995707	86.69527896995707	86.69527896995707	86.69527896995707	86.69527896995707	86.48068669527898	86.48068669527898	86.48068669527898	86.48068669527898	86.48068669527898	86.69527896995707	86.69527896995707	86.48068669527898	86.69527896995707	86.69527896995707	86.48068669527898	86.48068669527898	86.48068669527898	86.26609442060087	86.26609442060087	86.26609442060087	86.26609442060087	86.26609442060087	86.26609442060087	86.26609442060087	86.26609442060087	86.26609442060087	86.26609442060087	86.48068669527898	86.48068669527898	86.26609442060087	86.26609442060087
0.91	84.76394849785407	84.76394849785407	84.76394849785407	84.76394849785407	84.97854077253218	85.1931330472103	85.1931330472103	85.1931330472103	84.97854077253218	84.97854077253218	84.97854077253218	84.97854077253218	84.76394849785407	84.54935622317596	84.54935622317596	84.54935622317596	84.54935622317596	84.54935622317596	84.54935622317596	84.54935622317596	84.54935622317596	84.76394849785407	84.97854077253218	84.97854077253218	84.97854077253218	84.97854077253218	84.76394849785407	84.97854077253218	85.1931330472103	85.1931330472103	85.1931330472103	85.1931330472103	85.40772532188842	85.62231759656652	85.83690987124464	85.62231759656652	85.62231759656652	85.62231759656652	85.62231759656652	85.62231759656652	86.05150214592274	86.05150214592274	86.26609442060087	86.26609442060087	85.83690987124464	85.83690987124464	85.83690987124464	85.83690987124464	85.83690987124464	85.83690987124464	85.83690987124464	86.05150214592274	86.05150214592274	86.26609442060087	86.48068669527898	86.26609442060087	86.48068669527898	86.48068669527898	86.48068669527898	86.48068669527898	86.48068669527898	86.48068669527898	86.48068669527898	86.48068669527898	86.48068669527898	86.48068669527898	86.48068669527898	86.48068669527898	86.48068669527898	86.69527896995707	86.69527896995707	86.69527896995707	86.48068669527898	86.48068669527898	86.48068669527898	86.48068669527898	86.48068669527898	86.48068669527898	86.26609442060087	86.48068669527898	86.69527896995707	86.48068669527898	86.48068669527898	86.48068669527898	86.48068669527898	86.26609442060087	86.26609442060087	86.26609442060087	86.26609442060087	86.26609442060087	86.26609442060087	86.26609442060087	86.26609442060087	86.26609442060087	86.26609442060087	86.26609442060087	86.26609442060087	86.26609442060087	86.26609442060087	86.26609442060087	86.26609442060087
0.92	84.33476394849787	84.54935622317596	84.54935622317596	84.54935622317596	84.54935622317596	84.54935622317596	84.54935622317596	84.76394849785407	84.76394849785407	84.76394849785407	84.76394849785407	84.33476394849787	84.33476394849787	84.33476394849787	84.33476394849787	84.33476394849787	84.33476394849787	84.33476394849787	84.33476394849787	84.33476394849787	84.33476394849787	84.33476394849787	84.33476394849787	84.54935622317596	84.33476394849787	84.54935622317596	84.54935622317596	84.54935622317596	84.54935622317596	84.76394849785407	84.97854077253218	85.1931330472103	85.1931330472103	85.1931330472103	84.97854077253218	85.1931330472103	85.1931330472103	85.40772532188842	85.62231759656652	85.62231759656652	86.05150214592274	85.83690987124464	85.83690987124464	85.83690987124464	85.83690987124464	85.83690987124464	85.62231759656652	85.62231759656652	85.62231759656652	85.62231759656652	85.62231759656652	85.62231759656652	86.05150214592274	86.05150214592274	86.05150214592274	86.26609442060087	86.48068669527898	86.26609442060087	86.26609442060087	86.26609442060087	86.26609442060087	86.26609442060087	86.26609442060087	86.26609442060087	86.26609442060087	86.26609442060087	86.26609442060087	86.26609442060087	86.26609442060087	86.05150214592274	86.26609442060087	86.26609442060087	86.26609442060087	86.26609442060087	86.26609442060087	86.26609442060087	86.05150214592274	86.26609442060087	86.26609442060087	86.26609442060087	86.26609442060087	86.26609442060087	86.26609442060087	86.05150214592274	86.05150214592274	86.05150214592274	86.05150214592274	86.05150214592274	86.05150214592274	86.05150214592274	86.05150214592274	86.05150214592274	86.05150214592274	86.05150214592274	86.05150214592274	85.83690987124464	85.83690987124464	86.05150214592274	86.05150214592274	86.05150214592274	86.05150214592274
0.93	84.33476394849787	84.33476394849787	84.54935622317596	84.33476394849787	84.33476394849787	84.33476394849787	84.54935622317596	84.54935622317596	84.54935622317596	84.54935622317596	84.33476394849787	84.33476394849787	84.33476394849787	84.33476394849787	84.33476394849787	84.33476394849787	84.33476394849787	84.33476394849787	84.33476394849787	84.33476394849787	84.33476394849787	84.33476394849787	84.12017167381974	84.12017167381974	84.12017167381974	84.33476394849787	84.33476394849787	84.33476394849787	84.54935622317596	84.54935622317596	84.76394849785407	84.97854077253218	84.97854077253218	84.97854077253218	84.97854077253218	84.97854077253218	84.97854077253218	85.1931330472103	85.62231759656652	85.83690987124464	85.83690987124464	85.83690987124464	85.83690987124464	85.83690987124464	85.83690987124464	85.83690987124464	85.83690987124464	85.62231759656652	85.62231759656652	85.62231759656652	85.62231759656652	85.83690987124464	85.83690987124464	86.05150214592274	86.05150214592274	86.05150214592274	86.48068669527898	86.48068669527898	86.26609442060087	86.26609442060087	86.26609442060087	86.26609442060087	86.26609442060087	86.26609442060087	86.26609442060087	86.26609442060087	86.26609442060087	86.05150214592274	86.05150214592274	86.05150214592274	86.05150214592274	86.05150214592274	86.26609442060087	86.26609442060087	86.05150214592274	86.26609442060087	86.05150214592274	86.05150214592274	86.26609442060087	86.26609442060087	86.26609442060087	86.05150214592274	86.05150214592274	86.05150214592274	86.05150214592274	86.05150214592274	86.05150214592274	86.05150214592274	86.05150214592274	86.05150214592274	86.05150214592274	86.05150214592274	85.83690987124464	85.83690987124464	85.83690987124464	85.83690987124464	85.83690987124464	86.05150214592274	86.05150214592274	86.05150214592274	86.05150214592274
0.94	84.33476394849787	84.12017167381974	84.12017167381974	84.33476394849787	84.33476394849787	84.33476394849787	84.33476394849787	84.54935622317596	84.54935622317596	84.12017167381974	84.12017167381974	84.12017167381974	84.12017167381974	84.33476394849787	84.33476394849787	84.33476394849787	84.33476394849787	84.33476394849787	84.33476394849787	84.33476394849787	84.33476394849787	84.12017167381974	84.12017167381974	84.12017167381974	84.12017167381974	84.12017167381974	84.33476394849787	84.33476394849787	84.33476394849787	84.54935622317596	84.54935622317596	84.54935622317596	84.76394849785407	84.76394849785407	84.76394849785407	85.1931330472103	85.1931330472103	85.1931330472103	85.1931330472103	85.40772532188842	85.40772532188842	85.62231759656652	85.83690987124464	85.83690987124464	85.83690987124464	85.83690987124464	85.83690987124464	85.83690987124464	85.62231759656652	85.62231759656652	85.83690987124464	85.83690987124464	85.83690987124464	85.83690987124464	85.83690987124464	86.05150214592274	86.26609442060087	86.48068669527898	86.48068669527898	86.26609442060087	86.26609442060087	86.26609442060087	86.26609442060087	86.26609442060087	86.26609442060087	86.05150214592274	86.05150214592274	86.05150214592274	86.05150214592274	86.05150214592274	86.05150214592274	85.83690987124464	85.83690987124464	86.26609442060087	86.05150214592274	86.05150214592274	86.05150214592274	86.05150214592274	86.26609442060087	86.26609442060087	86.05150214592274	86.05150214592274	86.05150214592274	86.05150214592274	86.05150214592274	86.05150214592274	86.05150214592274	86.05150214592274	86.05150214592274	86.05150214592274	85.83690987124464	85.83690987124464	85.83690987124464	85.83690987124464	85.83690987124464	85.83690987124464	85.83690987124464	86.05150214592274	86.05150214592274	86.05150214592274	86.05150214592274
0.95	83.90557939914163	84.12017167381974	84.12017167381974	84.12017167381974	84.33476394849787	84.33476394849787	84.33476394849787	84.33476394849787	84.12017167381974	84.12017167381974	84.12017167381974	84.12017167381974	84.12017167381974	84.12017167381974	84.12017167381974	84.12017167381974	84.33476394849787	84.33476394849787	84.33476394849787	84.12017167381974	84.12017167381974	84.12017167381974	84.12017167381974	84.12017167381974	84.12017167381974	84.12017167381974	84.12017167381974	84.12017167381974	84.54935622317596	84.54935622317596	84.33476394849787	84.33476394849787	84.33476394849787	84.54935622317596	84.97854077253218	84.97854077253218	84.97854077253218	84.97854077253218	85.1931330472103	85.40772532188842	85.40772532188842	85.40772532188842	85.40772532188842	85.62231759656652	85.62231759656652	85.83690987124464	85.83690987124464	85.83690987124464	85.83690987124464	86.05150214592274	85.83690987124464	85.83690987124464	85.83690987124464	85.83690987124464	85.83690987124464	85.83690987124464	86.26609442060087	86.26609442060087	86.48068669527898	86.48068669527898	86.48068669527898	86.26609442060087	86.05150214592274	86.05150214592274	86.05150214592274	86.05150214592274	86.05150214592274	86.05150214592274	86.05150214592274	85.83690987124464	86.05150214592274	86.05150214592274	85.83690987124464	85.83690987124464	86.05150214592274	86.05150214592274	86.05150214592274	86.05150214592274	86.05150214592274	86.05150214592274	86.05150214592274	86.05150214592274	86.05150214592274	86.05150214592274	86.05150214592274	86.05150214592274	86.05150214592274	86.05150214592274	85.83690987124464	85.83690987124464	85.83690987124464	85.83690987124464	85.83690987124464	85.83690987124464	85.83690987124464	85.83690987124464	86.05150214592274	86.05150214592274	86.05150214592274	86.05150214592274	86.05150214592274
0.96	83.69098712446352	83.90557939914163	83.90557939914163	84.12017167381974	84.12017167381974	84.33476394849787	84.33476394849787	83.90557939914163	84.12017167381974	84.12017167381974	84.12017167381974	84.12017167381974	84.12017167381974	84.12017167381974	84.12017167381974	84.12017167381974	84.12017167381974	84.12017167381974	83.90557939914163	84.12017167381974	84.12017167381974	84.12017167381974	84.12017167381974	84.12017167381974	84.12017167381974	84.12017167381974	84.12017167381974	84.33476394849787	84.33476394849787	84.12017167381974	84.33476394849787	84.54935622317596	84.54935622317596	84.54935622317596	84.54935622317596	84.76394849785407	84.76394849785407	84.97854077253218	85.1931330472103	85.1931330472103	85.40772532188842	85.40772532188842	85.40772532188842	85.40772532188842	85.40772532188842	85.40772532188842	85.62231759656652	86.05150214592274	86.05150214592274	86.05150214592274	86.05150214592274	85.83690987124464	85.83690987124464	85.83690987124464	85.83690987124464	85.83690987124464	86.05150214592274	86.26609442060087	86.26609442060087	86.26609442060087	86.26609442060087	86.26609442060087	86.05150214592274	86.05150214592274	86.05150214592274	86.05150214592274	86.05150214592274	85.83690987124464	86.05150214592274	86.05150214592274	85.83690987124464	85.83690987124464	85.83690987124464	85.83690987124464	85.83690987124464	86.05150214592274	85.83690987124464	86.05150214592274	86.05150214592274	86.05150214592274	86.05150214592274	86.05150214592274	86.05150214592274	86.05150214592274	86.05150214592274	86.05150214592274	85.83690987124464	85.83690987124464	85.83690987124464	85.83690987124464	85.83690987124464	85.83690987124464	85.83690987124464	85.83690987124464	85.83690987124464	85.83690987124464	86.05150214592274	86.05150214592274	86.05150214592274	86.05150214592274	86.05150214592274
0.97	83.69098712446352	83.69098712446352	83.90557939914163	83.90557939914163	83.90557939914163	84.12017167381974	83.90557939914163	83.90557939914163	83.90557939914163	84.12017167381974	84.12017167381974	84.12017167381974	84.12017167381974	84.12017167381974	84.12017167381974	84.12017167381974	83.90557939914163	83.90557939914163	83.90557939914163	83.90557939914163	83.90557939914163	83.90557939914163	84.12017167381974	84.12017167381974	84.12017167381974	84.12017167381974	84.33476394849787	84.12017167381974	84.12017167381974	84.33476394849787	84.12017167381974	84.33476394849787	84.54935622317596	84.54935622317596	84.54935622317596	84.54935622317596	84.54935622317596	84.76394849785407	84.97854077253218	85.1931330472103	85.1931330472103	85.1931330472103	85.1931330472103	85.40772532188842	85.40772532188842	85.40772532188842	85.62231759656652	85.62231759656652	85.83690987124464	85.83690987124464	86.05150214592274	86.05150214592274	85.83690987124464	85.83690987124464	85.83690987124464	85.83690987124464	86.05150214592274	86.05150214592274	86.05150214592274	86.05150214592274	86.05150214592274	86.26609442060087	86.26609442060087	86.05150214592274	85.83690987124464	85.83690987124464	86.05150214592274	86.05150214592274	85.83690987124464	85.83690987124464	85.83690987124464	85.83690987124464	85.83690987124464	85.83690987124464	85.83690987124464	85.62231759656652	85.83690987124464	86.05150214592274	86.05150214592274	86.05150214592274	86.05150214592274	86.05150214592274	86.05150214592274	86.05150214592274	85.83690987124464	85.83690987124464	85.83690987124464	85.83690987124464	85.83690987124464	85.83690987124464	85.83690987124464	85.83690987124464	85.83690987124464	85.83690987124464	85.83690987124464	85.83690987124464	86.05150214592274	86.05150214592274	86.05150214592274	86.05150214592274	86.05150214592274
0.98	83.47639484978541	83.69098712446352	83.69098712446352	83.90557939914163	83.90557939914163	83.69098712446352	83.69098712446352	83.90557939914163	83.90557939914163	84.12017167381974	84.12017167381974	84.12017167381974	84.12017167381974	84.12017167381974	84.12017167381974	83.90557939914163	83.90557939914163	83.90557939914163	83.90557939914163	83.90557939914163	83.90557939914163	83.90557939914163	83.90557939914163	83.90557939914163	83.90557939914163	84.33476394849787	84.12017167381974	84.33476394849787	84.12017167381974	84.12017167381974	84.33476394849787	84.33476394849787	84.33476394849787	84.54935622317596	84.54935622317596	84.54935622317596	84.54935622317596	84.76394849785407	84.97854077253218	84.97854077253218	84.97854077253218	84.97854077253218	85.1931330472103	85.1931330472103	85.1931330472103	85.40772532188842	85.62231759656652	85.62231759656652	85.62231759656652	85.62231759656652	85.62231759656652	85.83690987124464	86.05150214592274	86.05150214592274	85.83690987124464	85.62231759656652	85.83690987124464	85.83690987124464	85.83690987124464	86.05150214592274	86.05150214592274	86.05150214592274	86.05150214592274	86.05150214592274	86.05150214592274	85.83690987124464	85.83690987124464	85.83690987124464	85.83690987124464	85.83690987124464	85.83690987124464	85.83690987124464	85.83690987124464	85.62231759656652	85.62231759656652	85.62231759656652	85.62231759656652	86.05150214592274	86.05150214592274	86.05150214592274	86.05150214592274	86.05150214592274	85.83690987124464	85.83690987124464	85.83690987124464	85.83690987124464	85.83690987124464	85.83690987124464	85.83690987124464	85.83690987124464	85.83690987124464	85.83690987124464	85.83690987124464	85.83690987124464	85.83690987124464	85.83690987124464	86.05150214592274	86.05150214592274	86.05150214592274	86.05150214592274	86.05150214592274
0.99	83.47639484978541	83.47639484978541	83.47639484978541	83.47639484978541	83.69098712446352	83.47639484978541	83.47639484978541	83.47639484978541	83.90557939914163	83.90557939914163	84.12017167381974	84.12017167381974	84.12017167381974	83.90557939914163	83.90557939914163	83.90557939914163	83.90557939914163	83.90557939914163	83.90557939914163	83.90557939914163	83.90557939914163	83.90557939914163	83.90557939914163	83.90557939914163	84.12017167381974	83.90557939914163	83.90557939914163	84.12017167381974	84.12017167381974	84.33476394849787	84.33476394849787	84.33476394849787	84.33476394849787	84.33476394849787	84.54935622317596	84.54935622317596	84.54935622317596	84.76394849785407	84.76394849785407	84.76394849785407	84.97854077253218	84.97854077253218	84.97854077253218	84.97854077253218	85.1931330472103	85.40772532188842	85.40772532188842	85.40772532188842	85.62231759656652	85.62231759656652	85.62231759656652	85.62231759656652	85.62231759656652	85.62231759656652	85.62231759656652	85.62231759656652	85.83690987124464	85.83690987124464	85.83690987124464	85.83690987124464	85.62231759656652	85.83690987124464	86.05150214592274	86.05150214592274	86.05150214592274	85.83690987124464	85.83690987124464	85.83690987124464	85.83690987124464	85.83690987124464	85.83690987124464	85.62231759656652	85.62231759656652	85.62231759656652	85.62231759656652	85.62231759656652	85.62231759656652	85.83690987124464	86.05150214592274	86.05150214592274	85.83690987124464	85.83690987124464	85.83690987124464	85.83690987124464	85.83690987124464	85.83690987124464	85.83690987124464	85.83690987124464	85.83690987124464	85.83690987124464	85.83690987124464	85.83690987124464	85.83690987124464	85.83690987124464	85.83690987124464	85.83690987124464	86.05150214592274	86.05150214592274	86.05150214592274	86.05150214592274	86.05150214592274
1.0	83.47639484978541	83.47639484978541	83.47639484978541	83.2618025751073	83.04721030042919	83.2618025751073	83.2618025751073	83.47639484978541	83.69098712446352	83.69098712446352	84.12017167381974	84.12017167381974	83.90557939914163	83.90557939914163	83.90557939914163	83.90557939914163	83.90557939914163	83.90557939914163	83.90557939914163	83.90557939914163	83.90557939914163	83.90557939914163	84.12017167381974	84.12017167381974	83.90557939914163	83.90557939914163	83.90557939914163	84.12017167381974	84.12017167381974	84.12017167381974	84.33476394849787	84.33476394849787	84.33476394849787	84.33476394849787	84.33476394849787	84.54935622317596	84.54935622317596	84.76394849785407	84.76394849785407	84.76394849785407	84.76394849785407	84.97854077253218	84.97854077253218	85.1931330472103	85.1931330472103	85.1931330472103	85.1931330472103	85.40772532188842	85.40772532188842	85.40772532188842	85.62231759656652	85.40772532188842	85.40772532188842	85.40772532188842	85.40772532188842	85.40772532188842	85.62231759656652	85.83690987124464	85.62231759656652	85.62231759656652	85.83690987124464	85.62231759656652	85.83690987124464	85.83690987124464	86.05150214592274	86.05150214592274	86.05150214592274	85.83690987124464	85.83690987124464	85.83690987124464	85.62231759656652	85.62231759656652	85.62231759656652	85.62231759656652	85.62231759656652	85.62231759656652	85.62231759656652	85.83690987124464	85.83690987124464	85.83690987124464	85.83690987124464	85.83690987124464	85.83690987124464	85.83690987124464	85.83690987124464	85.83690987124464	85.83690987124464	85.83690987124464	85.83690987124464	85.83690987124464	85.83690987124464	85.83690987124464	85.83690987124464	85.83690987124464	85.83690987124464	85.83690987124464	86.05150214592274	86.05150214592274	86.05150214592274	86.05150214592274	86.26609442060087
